,twitch_name,steam_name,Developer,Publisher,Release_Date,categories
0,Monster Hunter Generations Ultimate,,,,,
1,Alice: Madness Returns,Alice: Madness Returns,Spicy Horse Games,Electronic Arts,17 June 2011,"['3D Platformer', 'Action-Adventure', 'Hack and Slash', 'Female Protagonist', 'Horror', 'Platformer']"
2,Hold Fast,,,,,
3,Pokémon Trading Card Game Online,,,,,
4,Witch It,Witch It,Barrel Roll Games,Daedalic Entertainment,22 October 2020,"['Multiplayer', 'Funny', 'Casual', 'Action', 'Indie', 'Hidden Object']"
5,Dante's Inferno,,,,,
6,The Stanley Parable: Ultra Deluxe,The Stanley Parable: Ultra Deluxe,Crows Crows Crows,,27 April 2022,"['Comedy', 'Multiple Endings', 'Choices Matter', 'Walking Simulator', 'First-Person', 'Singleplayer']"
7,The Long Drive,The Long Drive,Genesz,,25 September 2019,"['Automobile Sim', 'Open World', 'Driving', 'Survival', 'Post-apocalyptic', 'Exploration']"
8,Cyber Hunter,,,,,
9,Rogue Lords,,,,,
10,Assassin's Creed IV: Black Flag,Assassin’s Creed® IV Black Flag™,Ubisoft Montreal,Ubisoft,Unknown,"['Pirates', 'Open World', 'Assassin', 'Action', 'Adventure', 'Stealth']"
11,INSIDE,INSIDE,Playdead,,7 July 2016,"['Puzzle', 'Atmospheric', 'Adventure', 'Story Rich', 'Platformer', 'Indie']"
12,DRAGON BALL Z DOKKAN BATTLE,,,,,
13,V696,,,,,
14,Hades,Hades,Supergiant Games,,17 September 2020,"['Action Roguelike', 'Indie', 'Rogue-lite', 'Action', 'Hack and Slash', 'RPG']"
15,Stranded Deep,Stranded Deep,Beam Team Games,Beam Team Publishing,23 January 2015,"['Open World Survival Craft', 'Survival', 'Multiplayer', 'Open World', 'Crafting', 'First-Person']"
16,Legacy of Kain: Defiance,,,,,
17,Rounds,ROUNDS,Landfall,,1 April 2021,"['Multiplayer', 'Fighting', 'Local Multiplayer', '2D Fighter', 'Deckbuilding', 'Action']"
18,Drawful 2,Drawful 2,"Jackbox Games, Inc.",,20 June 2016,"['Local Multiplayer', 'Multiplayer', 'Party', 'Party Game', 'Casual', 'Indie']"
19,Sensible World of Soccer,,,,,
20,Atomicrops,,,,,
21,Slime Rancher,Slime Rancher,Monomi Park,,1 August 2017,"['Cute', 'Exploration', 'Adventure', 'Singleplayer', 'Open World', 'First-Person']"
22,Cafe Owner Simulator,,,,,
23,Dodonpachi Resurrection,,,,,
24,Bingo,,,,,
25,Embr,,,,,
26,Spyro the Dragon,,,,,
27,Final Fantasy VIII Remastered,FINAL FANTASY VIII - REMASTERED,Square Enix,,3 September 2019,"['RPG', 'Adventure', 'JRPG', 'Story Rich', 'Turn-Based', 'Great Soundtrack']"
28,Yomawari: Night Alone,,,,,
29,Hatoful Boyfriend,,,,,
30,Tomb Raider: Gold,Tomb Raider,Crystal Dynamics,Square Enix,,"['Adventure', 'Action', 'Female Protagonist', 'Third Person', 'Singleplayer', 'Story Rich']"
31,Scribble It!,,,,,
32,Kingdom Hearts,,,,,
33,Dwarfenstein,,,,,
34,Gran Turismo Sport,,,,,
35,Liftoff,,,,,
36,The Lost Vikings,,,,,
37,Pupperazzi,,,,,
38,League Challenge,,,,,
39,Metal Mind,,,,,
40,Dragon Quest XI S: Echoes of an Elusive Age - Definitive Edition,DRAGON QUEST® XI S: Echoes of an Elusive Age™ - Definitive Edition,Square Enix,,4 December 2020,"['JRPG', 'RPG', 'Turn-Based Combat', 'Party-Based RPG', 'Story Rich', 'Dragons']"
41,Silent Hill: Homecoming,,,,,
42,Destiny 2,Destiny 2,Bungie,Bungie ,1 October 2019,"['Free to Play', 'Open World', 'Looter Shooter', 'FPS', 'PvP', 'MMORPG']"
43,Words On Stream,,,,,
44,Harry Potter and the Sorcerer's Stone,,,,,
45,Five Nights at Freddy's,Five Nights at Freddy's,Scott Cawthon,,18 August 2014,"['Horror', 'Singleplayer', 'Survival Horror', 'Robots', 'Psychological Horror', 'Difficult']"
46,Eyes - The Horror Game,,,,,
47,Pokémon Scarlet,,,,,
48,Sherlock Holmes: Chapter One,Sherlock Holmes Chapter One,Frogwares,,15 November 2021,"['Detective', 'Open World', 'Story Rich', 'Mystery', 'Action', 'Crime']"
49,Planet Coaster,Planet Coaster,Frontier Developments,,17 November 2016,"['Simulation', 'Building', 'Management', 'Family Friendly', 'Sandbox', 'Relaxing']"
50,The Forest,The Forest,Endnight Games Ltd,,30 April 2018,"['Open World Survival Craft', 'Survival', 'Open World', 'Horror', 'Crafting', 'Adventure']"
51,Salt and Sanctuary,,,,,
52,Endless Legend,ENDLESS™ Legend,AMPLITUDE Studios,SEGA,18 September 2014,"['Strategy', '4X', 'Turn-Based', 'Turn-Based Strategy', 'Fantasy', 'Hex Grid']"
53,Heroes of the Storm,,,,,
54,Quiz It,,,,,
55,Inscryption,Inscryption,Daniel Mullins Games,Devolver Digital,19 October 2021,"['Card Battler', 'Card Game', 'Story Rich', 'Deckbuilding', 'Horror', 'Dark']"
56,Shin Megami Tensei V,,,,,
57,Space Punks,,,,,
58,This War of Mine: Final Cut,,,,,
59,Loop Hero,Loop Hero,Four Quarters,Devolver Digital,4 March 2021,"['Tactical', 'Choices Matter', 'Deckbuilding', 'Rogue-like', 'Indie', 'Pixel Graphics']"
60,The Amulet of AmunRuuUUUN,,,,,
61,Elsword,Elsword,KOG,KOG Games,2 July 2014,"['Free to Play', 'Anime', 'RPG', 'Action', 'MMORPG', 'Massively Multiplayer']"
62,Golf With Your Friends,Golf With Your Friends,Blacklight Interactive,Team17,19 May 2020,"['Multiplayer', 'Casual', 'Mini Golf', 'Sports', 'Golf', 'Indie']"
63,Visage,Visage,SadSquare Studio,,29 October 2020,"['Horror', 'Psychological Horror', 'Survival Horror', 'Dark', 'First-Person', 'Multiplayer']"
64,Anno 1404: History Edition,Anno 1404 - History Edition,Ubisoft Mainz,Ubisoft,25 June 2020,"['Strategy', 'City Builder', 'Simulation', 'Building', 'Multiplayer', 'Management']"
65,Salt and Sacrifice,,,,,
66,Quiplash 2 InterLASHional,,,,,
67,Valheim,Valheim,Iron Gate AB,Coffee Stain Publishing,2 February 2021,"['Open World Survival Craft', 'Survival', 'Online Co-Op', 'Open World', 'Multiplayer', 'Building']"
68,My Friend Peppa Pig,,,,,
69,Batman: Arkham Asylum,Batman: Arkham City,Rocksteady Studios,Warner Bros. Interactive Entertainment,,"['Action', 'Adventure', 'Open World', 'Third Person']"
70,Marauders,,,,,
71,Hollow Knight,Hollow Knight,Team Cherry,,24 February 2017,"['Metroidvania', 'Souls-like', 'Platformer', 'Great Soundtrack', 'Difficult', '2D']"
72,Epic Fantasy Battle Simulator,,,,,
73,World War 3,World War 3,The Farm 51,MY.GAMES,19 October 2018,"['FPS', 'Multiplayer', 'Shooter', 'Tactical', 'Military', 'War']"
74,Metal Gear Solid V: Ground Zeroes,METAL GEAR SOLID V: GROUND ZEROES,Konami Digital Entertainment,,18 December 2014,"['Stealth', 'Action', 'Tactical', 'Short', 'Singleplayer', 'Third Person']"
75,Call of Duty: Black Ops Zombies,Call of Duty: Black Ops II - Zombies,,,,
76,Super Mario Odyssey,,,,,
77,Escape from Tarkov,,,,,
78,Truck Simulator 2,,,,,
79,Call of Duty: Black Ops Cold War,Call of Duty®: Black Ops,Treyarch,Activision,,"['Action', 'FPS', 'Zombies', 'Multiplayer', 'Shooter', 'Singleplayer']"
80,Fitness & Health,,,,,
81,Sisters Royale: Five Sisters Under Fire,,,,,
82,BioShock Remastered,BioShock™ 2 Remastered,2K Marin,2K,,"['FPS', 'Action', 'Singleplayer', 'Story Rich', 'Horror', 'Atmospheric']"
83,Sword of Legendia,,,,,
84,Harvest Days: My Dream Farm,,,,,
85,Escape Room: The Sick Colleague,,,,,
86,VRChat,VRChat,VRChat Inc.,,1 February 2017,"['VR', 'Free to Play', 'Memes', 'Anime', 'Multiplayer', 'Funny']"
87,Turnip Boy Commits Tax Evasion,,,,,
88,Arma 3,Arma 3,Bohemia Interactive,,12 September 2013,"['Action', 'Military', 'Multiplayer', 'Simulation', 'Shooter', 'Realistic']"
89,Amnesia: Rebirth,,,,,
90,Echoes of Mana,,,,,
91,Timberborn,Timberborn,Mechanistry,,15 September 2021,"['City Builder', 'Colony Sim', 'Base Building', 'Survival', 'Building', 'Management']"
92,Apex Legends Mobile,,,,,
93,Life is Strange Remastered,Life is Strange Remastered,Deck Nine,Square Enix,1 February 2022,"['Choices Matter', 'Female Protagonist', 'Story Rich', 'LGBTQ+', 'Multiple Endings', 'Romance']"
94,Alan Wake Remastered,,,,,
95,Metal Gear Solid 3: Snake Eater,,,,,
96,Clone Hero,,,,,
97,SoulWorker,Soulworker,"Lion Games Co., Ltd.",,2 October 2020,"['Anime', 'Free to Play', 'RPG', 'Sexual Content', 'Nudity', 'Action']"
98,Duel Masters,,,,,
99,What The Dub?!,,,,,
100,FIFA 18,,,,,
101,Wario Land: Super Mario Land 3,,,,,
102,Stoneshard,,,,,
103,Tourist Bus Simulator,,,,,
104,Resident Evil 3,Resident Evil 3,"CAPCOM Co., Ltd.",,2 April 2020,"['Action', 'Zombies', 'Horror', 'Female Protagonist', 'Multiplayer', 'Survival Horror']"
105,Tell Me Why,Tell Me Why,DONTNOD Entertainment,Xbox Game Studios ,27 August 2020,"['Choices Matter', 'Story Rich', 'Episodic', 'LGBTQ+', 'Adventure', 'Emotional']"
106,Gravity Rush Remastered,,,,,
107,Age of Empires IV,Age of Empires IV,Relic Entertainment,Xbox Game Studios,28 October 2021,"['Strategy', 'RTS', 'Multiplayer', 'Medieval', 'Singleplayer', 'War']"
108,Bloodborne,,,,,
109,Metal Slug,METAL SLUG 3,SNK CORPORATION,,,"['Arcade', 'Classic', 'Action', 'Co-op', 'Side Scroller', 'Retro']"
110,Blankos Block Party,,,,,
111,Destroy All Humans!,,,,,
112,Minecraft Dungeons,Minecraft Dungeons,Mojang Studios,Xbox Game Studios,22 September 2021,"['Dungeon Crawler', 'Hack and Slash', 'Adventure', 'Action', 'RPG', 'Action RPG']"
113,Aero Fighters 2,,,,,
114,Going Medieval,Going Medieval,Foxy Voxel,The Irregular Corporation,1 June 2021,"['City Builder', 'Medieval', 'Colony Sim', 'Strategy', 'Simulation', 'Building']"
115,Warframe,Warframe,Digital Extremes,,25 March 2013,"['Free to Play', 'Action RPG', 'RPG', 'Action', 'Looter Shooter', 'Third-Person Shooter']"
116,STASIS,,,,,
117,Night Book,,,,,
118,Satisfactory,Satisfactory,Coffee Stain Studios,Coffee Stain Publishing,8 June 2020,"['Base Building', 'Automation', 'Open World', 'Crafting', 'Multiplayer', 'Co-op']"
119,Counter-Strike: Global Offensive,Counter-Strike: Global Offensive,Valve,,21 August 2012,"['FPS', 'Shooter', 'Multiplayer', 'Competitive', 'Action', 'Team-Based']"
120,Curse of the Dead Gods,Curse of the Dead Gods,Passtech Games,Focus Entertainment,23 February 2021,"['Action Roguelike', 'Dark Fantasy', 'Isometric', 'Action', 'Difficult', 'Fighting']"
121,F1 2021,,,,,
122,Red Dead Redemption 2,Red Dead Redemption 2,Rockstar Games,,5 December 2019,"['Open World', 'Adventure', 'Story Rich', 'Western', 'Action', 'Multiplayer']"
123,Expedition Zero,,,,,
124,Thea 2: The Shattering,Thea 2: The Shattering,MuHa Games,,13 May 2019,"['Strategy', 'RPG', 'Indie', 'Survival', 'Turn-Based Strategy', 'Card Battler']"
125,Outer Wilds,Outer Wilds,Mobius Digital,Annapurna Interactive,18 June 2020,"['Exploration', 'Space', 'Mystery', 'Adventure', 'Story Rich', 'Atmospheric']"
126,Ring Fit Adventure,,,,,
127,Project Nightmares Case 36: Henrietta Kedward,,,,,
128,Solasta: Crown of the Magister,,,,,
129,Special Events,,,,,
130,Fallout: New Vegas,Fallout: New Vegas,Obsidian Entertainment,Bethesda Softworks,19 October 2010,"['Open World', 'RPG', 'Post-apocalyptic', 'Singleplayer', 'Moddable', 'Exploration']"
131,Gas Station Simulator,Gas Station Simulator,DRAGO entertainment,Movie Games S.A.,15 September 2021,"['Simulation', 'Economy', 'Building', 'Indie', 'Base Building', 'Singleplayer']"
132,Colony Survival,Colony Survival,Pipliz,,16 June 2017,"['Colony Sim', 'Survival', 'Base Building', 'Building', 'Multiplayer', 'Strategy']"
133,Resident Evil 3: Nemesis,Resident Evil 3,"CAPCOM Co., Ltd.",,,"['Action', 'Zombies', 'Horror', 'Female Protagonist', 'Multiplayer', 'Survival Horror']"
134,rFactor 2,rFactor 2,Studio 397,,28 March 2013,"['Racing', 'Automobile Sim', 'Simulation', 'Sports', 'Realistic', 'Multiplayer']"
135,Poppy Playtime,Poppy Playtime,MOB Games,,12 October 2021,"['Horror', 'Singleplayer', 'Puzzle', 'First-Person', 'Survival Horror', 'Dark']"
136,Yu-Gi-Oh! Master Duel,Yu-Gi-Oh! Master Duel,Konami Digital Entertainment,,18 January 2022,"['Card Game', 'Free to Play', 'Strategy', 'Trading Card Game', 'PvP', 'Card Battler']"
137,Source of Madness,Source of Madness,Carry Castle,Thunderful Publishing,11 May 2022,"['Rogue-lite', 'Lovecraftian', 'Action', 'Action RPG', 'Souls-like', 'Magic']"
138,NBA 2K22,NBA 2K22,Visual Concepts,2K,9 September 2021,"['Sports', 'Basketball', 'Simulation', 'Realistic', 'Multiplayer', 'eSports']"
139,Heroes of Newerth,,,,,
140,Anime Music Quiz,,,,,
141,Call of Duty: Black Ops II,Call of Duty®: Black Ops II,Treyarch,Activision,12 November 2012,"['Action', 'Multiplayer', 'FPS', 'Shooter', 'First-Person', 'Singleplayer']"
142,Tabletop RPGs,,,,,
143,Best Month Ever!,,,,,
144,Final Fantasy XII: The Zodiac Age,FINAL FANTASY XII THE ZODIAC AGE,Square Enix,,1 February 2018,"['RPG', 'JRPG', 'Fantasy', 'Story Rich', 'Singleplayer', 'Great Soundtrack']"
145,Five Nights at Freddy's: Security Breach,Five Nights at Freddy's: Security Breach,Steel Wool Studios,ScottGames,16 December 2021,"['Horror', 'Survival Horror', 'Singleplayer', 'Robots', 'Stealth', 'Exploration']"
146,Eiyuden Chronicle: Rising,Eiyuden Chronicle: Rising,NatsumeAtari,505 Games ,10 May 2022,"['Adventure', 'RPG', 'Action RPG', 'Action-Adventure', 'JRPG', 'Dungeon Crawler']"
147,Lost in Random,Lost in Random™,Zoink,Electronic Arts,10 September 2021,"['Action', 'Adventure', 'Action-Adventure', 'Exploration', 'Gothic', 'Indie']"
148,Dungeons & Dragons,,,,,
149,Fishing Vacation,,,,,
150,Later Alligator,,,,,
151,Kena: Bridge of Spirits,,,,,
152,Pokémon Emerald,,,,,
153,Board Game Online,,,,,
154,The Gunk,,,,,
155,BlazBlue: Central Fiction,BlazBlue Centralfiction,Arc System Works,"H2 Interactive Co., Ltd.",26 April 2017,"['Fighting', 'Anime', '2D Fighter', 'Action', 'Great Soundtrack', 'Story Rich']"
156,Paladins,Paladins®,Evil Mojo Games,Hi-Rez Studios,8 May 2018,"['Hero Shooter', 'Free to Play', 'Multiplayer', 'FPS', 'Shooter', 'Action']"
157,Infernax,,,,,
158,Prey,,,,,
159,Kenshi,Kenshi,Lo-Fi Games,,6 December 2018,"['Open World', 'Sandbox', 'RPG', 'Survival', 'Strategy', 'Building']"
160,Tomb Raider,Tomb Raider,Crystal Dynamics,Square Enix,4 March 2013,"['Adventure', 'Action', 'Female Protagonist', 'Third Person', 'Singleplayer', 'Story Rich']"
161,Mario Kart Wii,,,,,
162,BloodRayne 2: Terminal Cut,,,,,
163,Mom Hid My Game!,,,,,
164,SMITE,SMITE®,Titan Forge Games,Hi-Rez Studios,8 September 2015,"['Free to Play', 'MOBA', 'Multiplayer', 'Action', 'Third Person', 'Mythology']"
165,Monster Hunter Stories,MONSTER HUNTER RISE,"CAPCOM Co., Ltd.",,,"['Action', 'Online Co-Op', 'RPG', 'Hunting', 'Action RPG', 'JRPG']"
166,Fable Anniversary,Fable Anniversary,Lionhead Studios,Xbox Game Studios,12 September 2014,"['RPG', 'Fantasy', 'Open World', 'Classic', 'Adventure', 'Singleplayer']"
167,Metal Gear Solid 4: Guns of the Patriots,,,,,
168,Mario Kart 8 Deluxe,,,,,
169,Cotton Fantasy,,,,,
170,Resident Evil 6,Resident Evil 6,Capcom,,22 March 2013,"['Action', 'Zombies', 'Co-op', 'Third-Person Shooter', 'Horror', 'Co-op Campaign']"
171,Armello,Armello,League of Geeks,,1 September 2015,"['Board Game', 'PvP', 'Turn-Based', 'Card Game', 'Turn-Based Strategy', 'Strategy']"
172,Call of Duty: Modern Warfare 2,Call of Duty: Modern Warfare 3,Infinity Ward,,,"['Action', 'FPS', 'Multiplayer', 'Shooter', 'First-Person', 'War']"
173,Twitch,,,,,
174,60 Seconds!,,,,,
175,Metal Slug 2,METAL SLUG 3,SNK CORPORATION,,,"['Arcade', 'Classic', 'Action', 'Co-op', 'Side Scroller', 'Retro']"
176,Electronica,,,,,
177,Dragon Age: Origins,Dragon Age: Origins,BioWare,Electronic Arts,6 November 2009,"['RPG', 'Fantasy', 'Story Rich', 'Singleplayer', 'Multiple Endings', 'Choices Matter']"
178,Circuit Superstars,,,,,
179,SimCity,,,,,
180,Pokémon Omega Ruby/Alpha Sapphire,,,,,
181,Chaos on Deponia,,,,,
182,Tricky Towers,,,,,
183,WWE SLAM: Card Trader,,,,,
184,Godlike Burger,,,,,
185,Saint Seiya Awakening : KOTZ,,,,,
186,Call of Duty: Warzone,,,,,
187,Bakery Simulator,Bakery Simulator,Live Motion Games,Ultimate Games S.A.,3 May 2022,"['Simulation', 'Time Management', 'Indie', 'Economy', 'Realistic', 'Casual']"
188,Zwei: The Ilvard Insurrection,,,,,
189,Rustler,,,,,
190,Teamfight Tactics,,,,,
191,The Mortuary Assistant,,,,,
192,Dragon's Dogma,,,,,
193,Courage the Cowardly Dog: Hell Bound Hound,,,,,
194,Hitman: Blood Money HD,Hitman: Blood Money,Io-Interactive A/S,,,"['Stealth', 'Action', 'Assassin', 'Singleplayer', 'Third Person', 'Classic']"
195,Crypto,,,,,
196,Dragon Ball Z,DRAGON BALL FighterZ,Arc System Works,BANDAI NAMCO Entertainment,,"['Fighting', 'Anime', 'Action', '2D Fighter', 'Multiplayer', 'Competitive']"
197,She Sees Red,,,,,
198,Tekken 7,TEKKEN 7,BANDAI NAMCO Studios Inc.,BANDAI NAMCO Entertainment,1 June 2017,"['Fighting', 'Action', 'Multiplayer', 'Competitive', 'Arcade', 'Local Multiplayer']"
199,Tom Clancy's The Division 2,Tom Clancy’s The Division™,Massive Entertainment,Ubisoft,,"['Open World', 'Multiplayer', 'Looter Shooter', 'Third-Person Shooter', 'Action', 'Co-op']"
200,Lost Ark,Lost Ark,Smilegate RPG,Amazon Games,11 February 2022,"['MMORPG', 'Free to Play', 'Action RPG', 'RPG', 'Action', 'Hack and Slash']"
201,S4 League,,,,,
202,The Elder Scrolls V: Skyrim Special Edition,The Elder Scrolls V: Skyrim Special Edition,Bethesda Game Studios,Bethesda Softworks,27 October 2016,"['Open World', 'RPG', 'Adventure', 'Singleplayer', 'Fantasy', 'Character Customization']"
203,Kahoot!,,,,,
204,Friday the 13th,,,,,
205,"Haiku, the Robot",,,,,
206,Batman: Arkham City,Batman: Arkham City,Rocksteady Studios,Warner Bros. Interactive Entertainment,15 November 2011,"['Action', 'Adventure', 'Open World', 'Third Person']"
207,The Secret of Monkey Island,The Curse of Monkey Island,LucasArts,,,"[""1990's"", 'Point & Click', 'Cult Classic', 'Adventure', 'Retro', 'Classic']"
208,Rakuen,,,,,
209,Lydia,,,,,
210,Call of Duty: Mobile,Call of Duty® 2,Infinity Ward,Activision,,"['Action', 'World War II', 'FPS', 'Multiplayer', 'Singleplayer', 'Shooter']"
211,Mortal Shell,Mortal Shell,Cold Symmetry,Playstack,18 August 2021,"['Souls-like', 'Action', 'Dark Fantasy', 'RPG', 'Violent', 'Difficult']"
212,Stream Pairs,,,,,
213,Dragon Ball Legends,,,,,
214,The X-Files,,,,,
215,Makers & Crafting,,,,,
216,Drawize,,,,,
217,Last Farewell,,,,,
218,Splatoon 2,,,,,
219,Vampire: The Masquerade - Bloodhunt,Vampire: The Masquerade - Bloodhunt,Sharkmob AB,,27 April 2022,"['Battle Royale', 'Vampire', 'PvP', 'Third-Person Shooter', 'Survival', 'Supernatural']"
220,Model Builder,,,,,
221,Clash of Clans,,,,,
222,Tekken,TEKKEN 7,BANDAI NAMCO Studios Inc.,BANDAI NAMCO Entertainment,,"['Fighting', 'Action', 'Multiplayer', 'Competitive', 'Arcade', 'Local Multiplayer']"
223,Sakura Succubus 4,,,,,
224,Inazuma Eleven GO Strikers 2013,,,,,
225,iRacing,iRacing,iRacing.com Motorsport Simulations,,12 January 2015,"['Racing', 'Automobile Sim', 'Simulation', 'Sports', 'Massively Multiplayer', 'VR']"
226,Demon's Souls,,,,,
227,Stick Fight: The Game,,,,,
228,Street Fighter II,Street Fighter V,Capcom,,,"['Fighting', 'Action', '2D Fighter', 'Multiplayer', 'Competitive', 'Arcade']"
229,Choice Chamber,,,,,
230,Stumble Guys,Stumble Guys,Kitka Games,,7 October 2021,"['Action', 'Casual', 'Multiplayer', 'Free to Play', '3D', '3D Platformer']"
231,Sonic the Hedgehog,,,,,
232,Scribblenauts Unlimited,,,,,
233,skribbl.io,,,,,
234,Jak and Daxter: The Precursor Legacy,,,,,
235,Superliminal,Superliminal,Pillow Castle,,5 November 2020,"['Puzzle', 'Narration', 'First-Person', 'Physics', 'Surreal', 'Singleplayer']"
236,Divinity: Original Sin II,Divinity: Original Sin (Classic),Larian Studios,,,"['RPG', 'Turn-Based', 'Co-op', 'Fantasy', 'Adventure', 'Strategy']"
237,Overwatch,,,,,
238,Super Dragon Ball Heroes: World Mission,SUPER DRAGON BALL HEROES WORLD MISSION,Dimps Corporation,BANDAI NAMCO Entertainment,4 April 2019,"['Strategy', 'Card Game', 'Card Battler', 'Anime', 'Multiplayer', 'Fighting']"
239,Firefighting Simulator,,,,,
240,Gartic Show,,,,,
241,Spyro the Dragon: Reignited Trilogy,Spyro™ Reignited Trilogy,Toys for Bob,Activision,3 September 2019,"['Adventure', '3D Platformer', 'Remake', 'Dragons', 'Action', 'Classic']"
242,Fishing Sim World: Pro Tour,,,,,
243,Aim Lab,Aim Lab,Statespace,,7 February 2018,"['Free to Play', 'FPS', 'Shooter', 'Simulation', 'Singleplayer', 'First-Person']"
244,Water Polo,,,,,
245,Devil May Cry 3: Dante's Awakening – Special Edition,,,,,
246,Warpath: Jurassic Park,,,,,
247,City Guesser,,,,,
248,Tiny Toon Adventures,,,,,
249,Smash Karts,,,,,
250,Pocket Monsters Diamond & Pearl: Pokémon wo Sagase! Meiro de Daibōken!,,,,,
251,Total War: Warhammer III,Total War: WARHAMMER III,CREATIVE ASSEMBLY,SEGA,16 February 2022,"['Early Access', 'Strategy', 'Turn-Based Strategy', 'Grand Strategy', 'RTS', 'Real Time Tactics']"
252,SpongeBob SquarePants: Battle for Bikini Bottom - Rehydrated,SpongeBob SquarePants: Battle for Bikini Bottom - Rehydrated,Purple Lamp,THQ Nordic,23 June 2020,"['Adventure', '3D Platformer', 'Cult Classic', 'Remake', 'Action', 'Casual']"
253,Super Seducer 2,,,,,
254,FIFA 21,FIFA 22,EA Canada &amp; EA Romania,Electronic Arts,,"['Soccer', 'Sports', 'Multiplayer', 'Competitive', 'Simulation', 'Football']"
255,Watch Parties,,,,,
256,Hearts of Iron IV,Hearts of Iron IV,Paradox Development Studio,Paradox Interactive,6 June 2016,"['Strategy', 'World War II', 'Grand Strategy', 'War', 'Historical', 'Military']"
257,Ghosts 'n Goblins,,,,,
258,Final Fantasy XIII-2,FINAL FANTASY® XIII-2,Square Enix,,11 December 2014,"['JRPG', 'RPG', 'Fantasy', 'Female Protagonist', 'Singleplayer', 'Great Soundtrack']"
259,Slots,,,,,
260,Gladiator Guild Manager,,,,,
261,Uncharted: Drake's Fortune,,,,,
262,GeoGuess,,,,,
263,Mortal Kombat X,Mortal Kombat X,NetherRealm Studios,Warner Bros. Interactive Entertainment,13 April 2015,"['Fighting', 'Gore', 'Action', 'Violent', 'Multiplayer', 'Blood']"
264,Outland,Outland,Housemarque,,29 September 2014,"['Platformer', 'Action', 'Metroidvania', 'Co-op', '2D', 'Adventure']"
265,Hearthstone,,,,,
266,Naraka: Bladepoint,NARAKA: BLADEPOINT,24 Entertainment,NetEase Games Montréal,11 August 2021,"['Battle Royale', 'Sexual Content', 'Multiplayer', 'Martial Arts', 'Survival', 'PvP']"
267,ObsCure,,,,,
268,Far Cry 6,Far Cry® 5,Ubisoft Montreal,Ubisoft,,"['Open World', 'Co-op', 'Action', 'Multiplayer', 'FPS', 'Shooter']"
269,Crash Team Racing Nitro-Fueled,,,,,
270,Tormented Souls,,,,,
271,Crash Bandicoot 2: Cortex Strikes Back,,,,,
272,Viewergames Arcade,,,,,
273,My Time at Portia,My Time At Portia,Pathea Games,Team17,15 January 2019,"['RPG', 'Life Sim', 'Open World', 'Farming Sim', 'Crafting', 'Simulation']"
274,Ori and the Will of the Wisps,Ori and the Will of the Wisps,Moon Studios GmbH,Xbox Game Studios,10 March 2020,"['Beautiful', 'Metroidvania', 'Great Soundtrack', 'Platformer', 'Action', 'Singleplayer']"
275,Xenogears,,,,,
276,I am Bread,,,,,
277,Deep Rock Galactic,Deep Rock Galactic,Ghost Ship Games,Coffee Stain Publishing,13 May 2020,"['Co-op', 'PvE', 'FPS', 'Loot', 'Exploration', 'Procedural Generation']"
278,Layers of Fear,Layers of Fear (2016),Bloober Team SA,Aspyr,,"['Horror', 'Psychological Horror', 'Atmospheric', 'Walking Simulator', 'First-Person', 'Singleplayer']"
279,The King of Fighters All-Star,THE KING OF FIGHTERS XV,SNK CORPORATION,,,"['Action', '2D Fighter', 'Fighting', 'PvP', 'Multiplayer', '3D']"
280,Football Manager 2022,Football Manager 2022,Sports Interactive,SEGA,8 November 2021,"['Sports', 'Management', 'Soccer', 'Simulation', 'Real Time Tactics', 'Strategy']"
281,Maid of Sker,,,,,
282,Vampyr,Vampyr,DONTNOD Entertainment,Focus Entertainment,4 June 2018,"['Vampire', 'RPG', 'Choices Matter', 'Story Rich', 'Action', 'Open World']"
283,Digimon World 3,,,,,
284,Party Hard 2,,,,,
285,Rise of Kingdoms,,,,,
286,American McGee's Alice,,,,,
287,Animal Shelter Simulator,,,,,
288,Poker Online - Texas Holdem,,,,,
289,Kerbal Space Program,Kerbal Space Program,Squad,Private Division ,27 April 2015,"['Space', 'Simulation', 'Sandbox', 'Physics', 'Science', 'Space Sim']"
290,Metal Gear Solid 2: Sons of Liberty,,,,,
291,Hyper Light Drifter,Hyper Light Drifter,Heart Machine,,31 March 2016,"['Pixel Graphics', 'Great Soundtrack', 'Atmospheric', 'Adventure', 'Difficult', 'Indie']"
292,Horizon Zero Dawn,,,,,
293,Just Chatting,,,,,
294,Cyberpunk 2077,Cyberpunk 2077,CD PROJEKT RED,,9 December 2020,"['Cyberpunk', 'Open World', 'RPG', 'Singleplayer', 'Sci-fi', 'Futuristic']"
295,Fishing Star: World Tour,,,,,
296,Final Fantasy XIV Online,FINAL FANTASY XIV Online,Square Enix,,18 February 2014,"['MMORPG', 'RPG', 'Massively Multiplayer', 'Fantasy', 'JRPG', 'Great Soundtrack']"
297,Brigandine: The Legend of Runersia,Brigandine The Legend of Runersia,Happinet,,10 May 2022,"['Strategy', 'Turn-Based Strategy', 'Turn-Based Tactics', 'Dark Fantasy', 'Top-Down', 'Hex Grid']"
298,Jak II,,,,,
299,Trüberbrook,,,,,
300,Star Citizen,,,,,
301,League of Legends: Wild Rift,,,,,
302,FANTASIAN,,,,,
303,Resident Evil Outbreak File #2,,,,,
304,Clash Mini,,,,,
305,Jump King,Jump King,Nexile,,3 May 2019,"['Psychological Horror', 'Difficult', 'Precision Platformer', 'Indie', 'Adventure', 'Action']"
306,Evil Dead: The Game,,,,,
307,Golf Club: Wasteland,,,,,
308,Summoners War: Sky Arena,,,,,
309,Need for Speed Most Wanted U,Need for Speed™ Most Wanted,Criterion Games,Electronic Arts,,"['Racing', 'Driving', 'Open World', 'Multiplayer', 'Competitive', 'Action']"
310,Brothers: A Tale of Two Sons,Brothers - A Tale of Two Sons,Starbreeze Studios AB,505 Games,3 September 2013,"['Adventure', 'Atmospheric', 'Story Rich', 'Controller', 'Indie', 'Emotional']"
311,Tower of Fantasy,,,,,
312,Cooking Simulator,Cooking Simulator,Big Cheese Studio,,6 June 2019,"['Simulation', 'Cooking', 'Realistic', 'Singleplayer', 'Sandbox', 'Funny']"
313,Space Hulk: Deathwing - Enhanced Edition,Space Hulk: Deathwing Enhanced Edition,Streum On Studio,Focus Entertainment,22 May 2018,"['Action', 'Warhammer 40K', 'Co-op', 'FPS', 'Adventure', 'Shooter']"
314,Role Player: Full Immersion,,,,,
315,Shadow Hearts,,,,,
316,Grand Theft Auto: Liberty City Stories,,,,,
317,Outlast II,Outlast 2,Red Barrels,,25 April 2017,"['Horror', 'Psychological Horror', 'Survival Horror', 'First-Person', 'Gore', 'Singleplayer']"
318,Naruto to Boruto: Shinobi Striker,NARUTO TO BORUTO: SHINOBI STRIKER,Soleil Ltd.,BANDAI NAMCO Entertainment,31 August 2018,"['Anime', 'Action', 'Multiplayer', 'Character Customization', 'Fighting', 'Ninja']"
319,Castlevania: Symphony of the Night,,,,,
320,Ultima Online,,,,,
321,Ikai,,,,,
322,White Night,,,,,
323,Outward,,,,,
324,Ratchet & Clank: Rift Apart,,,,,
325,STG Shmups,,,,,
326,Winter Ember,,,,,
327,Dead Space 2,Dead Space™ 2,Visceral Games,Electronic Arts,25 January 2011,"['Horror', 'Survival Horror', 'Third-Person Shooter', 'Shooter', 'Survival', 'Third Person']"
328,Dota 2,Dota 2,Valve,,9 July 2013,"['Free to Play', 'MOBA', 'Multiplayer', 'Strategy', 'eSports', 'Team-Based']"
329,HELLSEED,,,,,
330,Rivals of Aether,Rivals of Aether,Dan Fornace,,28 March 2017,"['Fighting', '2D Fighter', 'Pixel Graphics', 'Multiplayer', 'Indie', 'Local Multiplayer']"
331,Nioh,,,,,
332,eFootball 2022,eFootball™ 2022,Konami Digital Entertainment,,29 September 2021,"['Free to Play', 'Soccer', 'Sports', 'Simulation', 'PvP', 'Multiplayer']"
333,Quiz Kit,,,,,
334,No Man's Sky,No Man's Sky,Hello Games,,12 August 2016,"['Open World', 'Open World Survival Craft', 'Space', 'Exploration', 'Sci-fi', 'Survival']"
335,Blair Witch,,,,,
336,Thief,Thief,Eidos-Montréal,Square Enix,27 February 2014,"['Stealth', 'Action', 'Adventure', 'First-Person', 'Singleplayer', 'Dark']"
337,Call of Duty,Call of Duty® 2,Infinity Ward,Activision,,"['Action', 'World War II', 'FPS', 'Multiplayer', 'Singleplayer', 'Shooter']"
338,Jurassic World Evolution 2,Jurassic World Evolution 2,Frontier Developments,,9 November 2021,"['Dinosaurs', 'Building', 'Simulation', 'Management', 'Strategy', 'Sandbox']"
339,Pokémon Red,,,,,
340,FIFA 20,FIFA 22,EA Canada &amp; EA Romania,Electronic Arts,,"['Soccer', 'Sports', 'Multiplayer', 'Competitive', 'Simulation', 'Football']"
341,A Girls Fabric Face,,,,,
342,Lost Judgment,,,,,
343,Forewarned,FOREWARNED,Dreambyte Games,,10 September 2021,"['Horror', 'Online Co-Op', 'Survival Horror', 'Co-op', 'Multiplayer', 'Psychological Horror']"
344,The Hex,,,,,
345,Uncharted 4: A Thief's End - Remastered,,,,,
346,Hanako | 花子さん,,,,,
347,Beauty & Body Art,,,,,
348,Operation: Tango,Operation: Tango,Clever Plays,,1 June 2021,"['Online Co-Op', 'Co-op Campaign', 'Puzzle', 'Hacking', 'Adventure', 'Casual']"
349,Hitchhiker,,,,,
350,Project Zomboid,Project Zomboid,The Indie Stone,,8 November 2013,"['Survival', 'Zombies', 'Open World', 'Open World Survival Craft', 'Multiplayer', 'Sandbox']"
351,Among Us,Among Us,Innersloth,,16 November 2018,"['Multiplayer', 'Social Deduction', 'Online Co-Op', 'Space', 'Survival', '2D']"
352,Darkwood,Darkwood,Acid Wizard Studio,,17 August 2017,"['Horror', 'Survival Horror', 'Survival', 'Top-Down', 'Atmospheric', 'Dark']"
353,Five Nights at Freddy's 4,Five Nights at Freddy's 4,Scott Cawthon,,23 July 2015,"['Horror', 'Survival Horror', 'Singleplayer', 'Robots', 'First-Person', 'Dark']"
354,Rogue Company,Rogue Company,First Watch Games,Hi-Rez Studios,20 July 2021,"['Free to Play', 'Multiplayer', 'Shooter', 'Third-Person Shooter', 'Action', 'Third Person']"
355,Half-Life,Half-Life 2,Valve,,,"['FPS', 'Action', 'Sci-fi', 'Classic', 'Singleplayer', 'Story Rich']"
356,Euro Truck Simulator 2,Euro Truck Simulator 2,SCS Software,,18 October 2012,"['Transportation', 'Driving', 'Simulation', 'Open World', 'Automobile Sim', 'Realistic']"
357,Chess,,,,,
358,Tribes of Midgard,Tribes of Midgard,Norsfell,Gearbox Publishing,27 July 2021,"['Action', 'Co-op', 'Rogue-like', 'Multiplayer', 'Tower Defense', 'Survival']"
359,Peggle 2,,,,,
360,WWE 2K20,WWE 2K20,Visual Concepts,2K,21 October 2019,"['Sports', 'Simulation', 'Fighting', 'Multiplayer', 'Wrestling', 'Character Customization']"
361,World of Warcraft,,,,,
362,WWE 2K22,WWE 2K22,Visual Concepts,2K,10 March 2022,"['Simulation', 'Sports', 'Multiplayer', 'Wrestling', 'PvP', 'Local Co-Op']"
363,2Dark,,,,,
364,Arknights,,,,,
365,Super Seducer,,,,,
366,SpeedRunners,SpeedRunners,DoubleDutch Games,tinyBuild,19 April 2016,"['Multiplayer', 'Racing', 'Local Multiplayer', 'Indie', 'Competitive', 'Fast-Paced']"
367,Fishing Sim World: Bass Pro Shops Edition,,,,,
368,Agatha Christie: And Then There Were None,,,,,
369,At Dead Of Night,,,,,
370,Samurai Bringer,,,,,
371,Resident Evil 5,Resident Evil 5,Capcom,,15 September 2009,"['Action', 'Zombies', 'Co-op', 'Third-Person Shooter', 'Horror', 'Co-op Campaign']"
372,One Piece: Treasure Cruise,,,,,
373,Thief Gold,,,,,
374,Guild Wars 2,,,,,
375,Tom Clancy's Rainbow Six Extraction,Tom Clancy's Rainbow Six® Vegas 2,Ubisoft Montreal,Ubisoft,,"['Tactical', 'Action', 'FPS', 'Co-op', 'Singleplayer', 'Online Co-Op']"
376,The Serpent Rogue,,,,,
377,WARNO,WARNO,Eugen Systems,,20 January 2022,"['Wargame', 'Real Time Tactics', 'Military', 'Cold War', 'War', 'RTS']"
378,Is Simon There?,,,,,
379,Honkai Impact 3rd,Honkai Impact 3rd,miHoYo Limited,,21 October 2021,"['Anime', 'Action', 'RPG', 'Adventure', '3D Fighter', 'JRPG']"
380,Card Shark,Card Shark,Nerial,Devolver Digital,2 June 2022,"['Indie', 'Stealth', 'Story Rich', 'Historical', 'Mystery', 'Interactive Fiction']"
381,The Curse of Monkey Island,The Curse of Monkey Island,LucasArts,,31 October 1997,"[""1990's"", 'Point & Click', 'Cult Classic', 'Adventure', 'Retro', 'Classic']"
382,The Evil Within,The Evil Within,Tango Gameworks,Bethesda Softworks,13 October 2014,"['Horror', 'Survival Horror', 'Psychological Horror', 'Gore', 'Atmospheric', 'Action']"
383,Nitroplus Blasterz: Heroines Infinite Duel,,,,,
384,SMASH LEGENDS,SMASH LEGENDS,5minlab Corp.,,12 April 2021,"['Multiplayer', 'Free to Play', 'PvP', 'MOBA', 'Fighting', 'Character Action Game']"
385,Ultimate Chicken Horse,Ultimate Chicken Horse,Clever Endeavour Games,,4 March 2016,"['Multiplayer', 'Funny', 'Platformer', 'Local Multiplayer', 'Level Editor', 'Precision Platformer']"
386,Surgeon Simulator 2,Surgeon Simulator 2,Bossa Studios,,2 September 2021,"['Funny', 'Multiplayer', 'Physics', 'Online Co-Op', 'Medical Sim', 'Casual']"
387,ASMR,,,,,
388,Terraria,Terraria,Re-Logic,,16 May 2011,"['Open World Survival Craft', 'Sandbox', 'Survival', '2D', 'Multiplayer', 'Adventure']"
389,WWE SmackDown vs. Raw 2009,,,,,
390,Farming Simulator 19,Farming Simulator 17,Giants Software,,,"['Farming Sim', 'Simulation', 'Automobile Sim', 'Multiplayer', 'Agriculture', 'Open World']"
391,Tiny Room Stories: Town Mystery,,,,,
392,GRIME,GRIME,Clover Bite,Akupara Games,2 August 2021,"['Metroidvania', 'Souls-like', 'Platformer', 'Dark Fantasy', 'Difficult', 'Action-Adventure']"
393,Tom Clancy's Ghost Recon: Wildlands,Tom Clancy's Ghost Recon® Wildlands,Ubisoft Paris,Ubisoft,6 March 2017,"['Open World', 'Shooter', 'Multiplayer', 'Co-op', 'Action', 'Stealth']"
394,WWE 2K Battlegrounds,,,,,
395,Marbles On Stream,,,,,
396,Knockout City,Knockout City™,Velan Studios,,21 May 2021,"['Multiplayer', 'Sports', 'Team-Based', 'Third Person', 'Action-Adventure', 'PvP']"
397,Phoenix Wright: Ace Attorney,Phoenix Wright: Ace Attorney Trilogy,"CAPCOM Co., Ltd.",,,"['Detective', 'Visual Novel', 'Story Rich', 'Great Soundtrack', 'Mystery', 'Anime']"
398,Condemned 2: Bloodshot,,,,,
399,Satan's puzzle 666,,,,,
400,Assetto Corsa Competizione,,,,,
401,Two Point Hospital,Two Point Hospital,Two Point Studios,SEGA,29 August 2018,"['Simulation', 'Medical Sim', 'Management', 'Building', 'Funny', 'Singleplayer']"
402,Music,,,,,
403,Dead Cells,Dead Cells,Motion Twin,,6 August 2018,"['Rogue-lite', 'Rogue-like', 'Pixel Graphics', 'Souls-like', 'Metroidvania', 'Difficult']"
404,The Legend of Heroes: Kuro no Kiseki,THE LEGEND OF HEROES: HAJIMARI NO KISEKI,Nihon Falcom,Clouded Leopard Entertainment,,"['RPG', 'JRPG', '3D', 'Anime', 'Fantasy', 'Turn-Based']"
405,Business Tour,,,,,
406,Death Damnation,,,,,
407,Street Fighter V,Street Fighter V,Capcom,,15 February 2016,"['Fighting', 'Action', '2D Fighter', 'Multiplayer', 'Competitive', 'Arcade']"
408,Rain,,,,,
409,Raid: Shadow Legends,,,,,
410,Jump Force,JUMP FORCE,"Spike Chunsoft Co., Ltd.",BANDAI NAMCO Entertainment,14 February 2019,"['Anime', 'Fighting', 'Action', 'Multiplayer', 'Character Customization', 'Singleplayer']"
411,UNO,UNO,Ubisoft Entertainment,,8 December 2016,"['Card Game', 'Multiplayer', 'Tabletop', 'Board Game', 'Casual', 'Family Friendly']"
412,Bloons TD 6,Bloons TD 6,Ninja Kiwi,,17 December 2018,"['Tower Defense', 'Strategy', 'Multiplayer', 'Singleplayer', 'Co-op', 'Online Co-Op']"
413,Monkey Island 2 Special Edition: LeChuck's Revenge,Monkey Island™ 2 Special Edition: LeChuck’s Revenge™,LucasArts,,7 July 2010,"['Point & Click', 'Adventure', 'Comedy', 'Classic', 'Remake', 'Pirates']"
414,Green Hell,Green Hell,Creepy Jar,,5 September 2019,"['Survival', 'Open World Survival Craft', 'Open World', 'Online Co-Op', 'Crafting', 'Simulation']"
415,GRID Legends,GRID Legends,Codemasters,Electronic Arts,24 February 2022,"['Racing', 'Sports', 'Action', 'Driving', 'Story Rich', 'PvP']"
416,King Arthur: Knight's Tale,,,,,
417,Ripper,,,,,
418,Poppy's Nightmare,,,,,
419,Puyo Puyo Tetris,Puyo Puyo™Tetris®,Sonic Team,SEGA,27 February 2018,"['Puzzle', 'Casual', 'Competitive', 'Multiplayer', 'Action', 'Cute']"
420,Games + Demos,,,,,
421,Blood and Bacon,,,,,
422,Zombie Army 4: Dead War,Zombie Army 4: Dead War,Rebellion,,18 February 2021,"['Action', 'Zombies', 'Shooter', 'Multiplayer', 'Co-op', 'Third-Person Shooter']"
423,The Door in the Basement,,,,,
424,Astroneer,ASTRONEER,System Era Softworks,,16 December 2016,"['Multiplayer', 'Open World', 'Open World Survival Craft', 'Space', 'Survival', 'Exploration']"
425,Total War: Warhammer II,Total War: WARHAMMER II,CREATIVE ASSEMBLY,SEGA,28 September 2017,"['Strategy', 'Fantasy', 'Turn-Based Strategy', 'RTS', 'Grand Strategy', 'War']"
426,Tattoo Mania,,,,,
427,Dragon Ball Z: Budokai Tenkaichi 3,,,,,
428,Brawlhalla,Brawlhalla,Blue Mammoth Games,Ubisoft,17 October 2017,"['Free to Play', 'Multiplayer', 'Fighting', 'Casual', '2D Fighter', '2D Platformer']"
429,Young Souls,,,,,
430,Spore,SPORE™,Maxis™,Electronic Arts,19 December 2008,"['God Game', 'Open World', 'Exploration', 'Sandbox', 'Colony Sim', 'Casual']"
431,Spiritfarer,,,,,
432,Monster Hunter Stories 2: Wings of Ruin,Monster Hunter Stories 2: Wings of Ruin,"CAPCOM Co., Ltd.",,8 July 2021,"['RPG', 'Adventure', 'JRPG', 'Exploration', '3D', 'Cartoony']"
433,Underture,,,,,
434,Clash Royale,,,,,
435,The Legend of Zelda: The Minish Cap,,,,,
436,Song of Horror,,,,,
437,Killing Floor 2,Killing Floor 2,Tripwire Interactive,,18 November 2016,"['Zombies', 'Co-op', 'Gore', 'FPS', 'Multiplayer', 'Survival']"
438,Tails of Iron,Tails of Iron,Odd Bug Studio,United Label,17 September 2021,"['Action RPG', 'Adventure', 'Souls-like', 'Action-Adventure', 'Story Rich', 'Combat']"
439,My Child: Lebensborn,,,,,
440,Football Cup 2022,,,,,
441,Pathfinder,,,,,
442,Xenoblade Chronicles: Definitive Edition,,,,,
443,Coffee Talk,,,,,
444,Wii Sports Resort,,,,,
445,Forza Horizon 5,Forza Horizon 5,Playground Games,Xbox Game Studios,8 November 2021,"['Racing', 'Open World', 'Driving', 'Multiplayer', 'Automobile Sim', 'Adventure']"
446,Before The Last Hour,,,,,
447,Banned Memories: Yamanashi,,,,,
448,Gartic,,,,,
449,Crash Bandicoot: The Wrath of Cortex,,,,,
450,Elite: Dangerous,Elite Dangerous,Frontier Developments,,2 April 2015,"['Space Sim', 'Space', 'Open World', 'Exploration', 'Sci-fi', 'Simulation']"
451,They Speak From the Abyss,,,,,
452,Microsoft Flight Simulator,,,,,
453,Ark: Survival Evolved,ARK: Survival Evolved,Studio Wildcard,,27 August 2017,"['Open World Survival Craft', 'Survival', 'Open World', 'Multiplayer', 'Dinosaurs', 'Crafting']"
454,Metroid: Zero Mission,,,,,
455,"Pools, Hot Tubs, and Beaches",,,,,
456,It Takes Two,It Takes Two,Hazelight,Electronic Arts,25 March 2021,"['Co-op', 'Multiplayer', 'Split Screen', 'Puzzle', 'Adventure', 'Local Co-Op']"
457,SinsFromGod 2,,,,,
458,Strange Horticulture,Strange Horticulture,Bad Viking,Iceberg Interactive,21 January 2022,"['Mystery', 'Exploration', 'Puzzle', 'Investigation', 'Nature', 'Relaxing']"
459,Left 4 Dead,Left 4 Dead,Valve,,17 November 2008,"['Zombies', 'Co-op', 'Multiplayer', 'FPS', 'Action', 'Horror']"
460,Horror Story,,,,,
461,Kingdom Hearts HD 1.5 + 2.5 ReMIX,,,,,
462,"Warhammer 40,000: Space Marine",,,,,
463,Grand Theft Auto: Vice City,Grand Theft Auto: Vice City,Rockstar Games,,13 May 2003,"['Open World', 'Action', 'Automobile Sim', '1980s', 'Classic', 'Great Soundtrack']"
464,Super Contra,,,,,
465,We Were Here,We Were Here,Total Mayhem Games,,3 February 2017,"['Free to Play', 'Escape Room', 'Co-op', 'Puzzle', 'Multiplayer', 'Mystery']"
466,Werewolf: The Apocalypse - Earthblood,,,,,
467,Beat Saber,Beat Saber,Beat Games,,21 May 2019,"['VR', 'Rhythm', 'Music', 'Great Soundtrack', 'Fast-Paced', 'Indie']"
468,Home Sweet Home: Survive,Home Sweet Home : Survive,"YGGDRAZIL GROUP PUBLIC CO.,LTD",Shift Now,25 March 2021,"['Survival Horror', 'Action', 'Multiplayer', 'Horror', 'Survival', 'Online Co-Op']"
469,Pokémon Brilliant Diamond/Shining Pearl,,,,,
470,The Ghost Train,,,,,
471,Rust,Rust,Facepunch Studios,,8 February 2018,"['Survival', 'Crafting', 'Multiplayer', 'Open World', 'Open World Survival Craft', 'Building']"
472,A Way Out,A Way Out,Hazelight,Electronic Arts,23 March 2018,"['Co-op', 'Online Co-Op', 'Split Screen', 'Story Rich', 'Local Co-Op', 'Action-Adventure']"
473,V Rising,V Rising,Stunlock Studios,,17 May 2022,"['Survival', 'Open World', 'Vampire', 'Crafting', 'PvP', 'PvE']"
474,Escape From School,,,,,
475,Lumencraft,Lumencraft,2Dynamic Games,Star Drifters,13 April 2022,"['Strategy', 'Action Roguelike', 'Tower Defense', 'Base Building', 'Action', 'Early Access']"
476,Don't Be Afraid,,,,,
477,Borderlands: The Pre-Sequel,Borderlands: The Pre-Sequel,2K Australia,2K,14 October 2014,"['Looter Shooter', 'Co-op', 'FPS', 'Action', 'Comedy', 'Loot']"
478,Tales of Zestiria,Tales of Zestiria,BANDAI NAMCO Studio Inc.,BANDAI NAMCO Entertainment,19 October 2015,"['JRPG', 'Anime', 'RPG', 'Fantasy', 'Story Rich', 'Open World']"
479,Fire Pro Wrestling World,Fire Pro Wrestling World,"Spike Chunsoft Co., Ltd.",,18 December 2017,"['Simulation', 'Sports', 'Wrestling', 'Character Customization', 'Multiplayer', '2D']"
480,Crimesight,,,,,
481,Ludomania,,,,,
482,F1® 2021,F1® 2021,Codemasters,Electronic Arts,15 July 2021,"['Racing', 'Driving', 'Sports', 'Immersive Sim', 'Automobile Sim', 'PvP']"
483,Aztech Forgotten Gods,,,,,
484,Crash Bandicoot 4: It's About Time,,,,,
485,It's Quiz Time,,,,,
486,Bendy and the Ink Machine,Bendy and the Ink Machine,Joey Drew Studios,,10 February 2017,"['Horror', 'First-Person', 'Singleplayer', 'Puzzle', 'Cartoony', 'Survival Horror']"
487,Yu-Gi-Oh! TRADING CARD GAME,,,,,
488,Beyond: Two Souls,Beyond: Two Souls,Quantic Dream,,18 June 2020,"['Adventure', 'Choices Matter', 'Story Rich', 'Female Protagonist', 'Cinematic', 'Singleplayer']"
489,No More Heroes III,,,,,
490,Tiny Tina's Wonderlands,,,,,
491,Taiko no Tatsujin: The Drum Master!,,,,,
492,League of Legends,,,,,
493,Super Mario Land,,,,,
494,Resident Evil Village,Resident Evil Village,"CAPCOM Co., Ltd.",,6 May 2021,"['Survival Horror', 'Horror', 'First-Person', 'Singleplayer', 'Action', 'Sexual Content']"
495,The Legend of Zelda: Breath of the Wild,,,,,
496,Minit,,,,,
497,XCOM 2,XCOM® 2,Firaxis Games,2K,4 February 2016,"['Strategy', 'Turn-Based', 'Turn-Based Strategy', 'Tactical', 'Turn-Based Tactics', 'Aliens']"
498,Pokémon FireRed/LeafGreen,,,,,
499,The Room,,,,,
500,Getting Over It,,,,,
501,Legacy of Kain: Soul Reaver 2,,,,,
502,Devil May Cry,Devil May Cry 5,"CAPCOM Co., Ltd.",,,"['Action', 'Hack and Slash', 'Great Soundtrack', 'Character Action Game', 'Demons', 'Spectacle fighter']"
503,Blasphemous,Blasphemous,The Game Kitchen,Team17,10 September 2019,"['Metroidvania', 'Souls-like', 'Pixel Graphics', 'Gore', 'Violent', 'Dark Fantasy']"
504,Uncharted 4: A Thief's End,,,,,
505,DayZ,DayZ,Bohemia Interactive,,13 December 2018,"['Survival', 'Zombies', 'Multiplayer', 'Open World', 'Action', 'PvP']"
506,DEVOUR,DEVOUR,Straight Back Games,,28 January 2021,"['Horror', 'Online Co-Op', 'Multiplayer', 'Survival Horror', 'Co-op', 'Dark']"
507,Mythic Heroes,,,,,
508,The World Ends with You,,,,,
509,I'm on Observation Duty 5,,,,,
510,Dissidia Final Fantasy Opera Omnia,,,,,
511,FIFA 99,,,,,
512,The Witcher,,,,,
513,Warface,Warface,MY.GAMES,,12 April 2012,"['Free to Play', 'Realistic', 'FPS', 'Multiplayer', 'Action', 'Shooter']"
514,Agar.io,,,,,
515,Harry Potter and the Goblet of Fire,,,,,
516,The Night of the Scissors,,,,,
517,DOOM 3,DOOM,id Software,Bethesda Softworks,,"['FPS', 'Gore', 'Action', 'Shooter', 'Demons', 'Great Soundtrack']"
518,Escape Simulator,Escape Simulator,Pine Studio,,19 October 2021,"['Puzzle', 'Co-op', 'Multiplayer', 'Escape Room', 'Mystery', 'First-Person']"
519,Resident Evil,Resident Evil,"CAPCOM Co., Ltd.",,19 January 2015,"['Survival Horror', 'Zombies', 'Horror', 'Classic', 'Remake', 'Atmospheric']"
520,Serious Sam 4,Serious Sam 2,Croteam,Devolver Digital,,"['Action', 'FPS', 'Co-op', 'Comedy', 'Multiplayer', 'Shooter']"
521,Call of Duty: Vanguard,,,,,
522,Ready or Not,Ready or Not,VOID Interactive,,17 December 2021,"['Tactical', 'Realistic', 'FPS', 'Multiplayer', 'Shooter', 'First-Person']"
523,AI Battle Royale Generator,,,,,
524,FIFA 15,,,,,
525,Heavy Rain,Heavy Rain,Quantic Dream,,18 June 2020,"['Choices Matter', 'Multiple Endings', 'Story Rich', 'Narration', 'Adventure', 'Cinematic']"
526,Midnight Ghost Hunt,Midnight Ghost Hunt,Vaulted Sky Games,Coffee Stain Publishing,31 March 2022,"['Multiplayer', 'Combat', 'Team-Based', 'FPS', 'PvP', 'First-Person']"
527,Still Life,,,,,
528,Observation,Observation,No Code,Devolver Digital,21 May 2020,"['Indie', 'Adventure', 'Space', 'Sci-fi', 'Horror', 'Atmospheric']"
529,Final Fantasy X,FINAL FANTASY IX,Square Enix,,,"['JRPG', 'Story Rich', 'Great Soundtrack', 'Fantasy', 'RPG', 'Classic']"
530,Bingo On Stream,,,,,
531,Hood: Outlaws & Legends,Hood: Outlaws & Legends,Sumo Digital,Focus Entertainment,10 May 2021,"['Action', 'Adventure', 'RPG', 'Action RPG', 'Medieval', 'PvP']"
532,Professor Layton and the Curious Village,,,,,
533,Gamer Shop Simulator,,,,,
534,Casino Slot Machine,,,,,
535,Crosswords,,,,,
536,Evil Tonight,,,,,
537,Crash Team Racing,,,,,
538,Software and Game Development,,,,,
539,Dragon's Dogma: Dark Arisen,Dragon's Dogma: Dark Arisen,Capcom,,15 January 2016,"['RPG', 'Open World', 'Character Customization', 'Action', 'Fantasy', 'Adventure']"
540,Crossfire X,,,,,
541,Brawl Stars,,,,,
542,Battlefield V,Battlefield V,DICE,Electronic Arts,9 November 2018,"['FPS', 'World War II', 'Shooter', 'Multiplayer', 'Singleplayer', 'War']"
543,Minecraft,,,,,
544,Contagion,Contagion,"Monochrome, Inc",,25 October 2013,"['Zombies', 'Co-op', 'Horror', 'Level Editor', 'Moddable', 'FPS']"
545,Gwent: The Witcher Card Game,GWENT: The Witcher Card Game,CD PROJEKT RED,,19 May 2020,"['Free to Play', 'Strategy', 'Card Game', 'RPG', 'Multiplayer', 'Deckbuilding']"
546,Bugs Bunny & Taz: Time Busters,,,,,
547,Codenames,,,,,
548,Talk Shows & Podcasts,,,,,
549,Sea of Thieves,Sea of Thieves,Rare Ltd,Xbox Game Studios,3 June 2020,"['Adventure', 'Open World', 'Multiplayer', 'Pirates', 'Co-op', 'Action']"
550,Hylics,,,,,
551,Echo Arena,,,,,
552,Assetto Corsa,Assetto Corsa,Kunos Simulazioni,,19 December 2014,"['Racing', 'Automobile Sim', 'Simulation', 'Driving', 'Multiplayer', 'Realistic']"
553,Perseverance: Part 2,,,,,
554,Devil May Cry 5,Devil May Cry 5,"CAPCOM Co., Ltd.",,7 March 2019,"['Action', 'Hack and Slash', 'Great Soundtrack', 'Character Action Game', 'Demons', 'Spectacle fighter']"
555,Fallout Shelter,Fallout Shelter,Bethesda Game Studios,Bethesda Softworks,29 March 2017,"['Free to Play', 'Base Building', 'Survival', 'Post-apocalyptic', 'Singleplayer', 'Simulation']"
556,Hotline Miami,Hotline Miami,Dennaton Games,Devolver Digital,23 October 2012,"['Great Soundtrack', 'Violent', 'Action', 'Indie', 'Top-Down', '1980s']"
557,Back 4 Blood,Back 4 Blood,Turtle Rock Studios,Warner Bros. Games,12 October 2021,"['Zombies', 'Online Co-Op', 'Multiplayer', 'Action', 'Shooter', 'FPS']"
558,Gran Turismo,,,,,
559,Chernobylite,Chernobylite,The Farm 51,,28 July 2021,"['Survival', 'Post-apocalyptic', 'RPG', 'Horror', 'Adventure', 'Atmospheric']"
560,The Last of Us,,,,,
561,Power Drill Massacre,,,,,
562,Guns Up!,GUNS UP!,"Valkyrie Entertainment, LLC",PlayStation PC LLC,5 February 2018,"['Free to Play', 'Strategy', 'Multiplayer', 'Tower Defense', 'Action', 'Base Building']"
563,Haxball,,,,,
564,The Legend of Zelda: A Link to the Past,,,,,
565,Escape the Ayuwoki,,,,,
566,Forlorn,,,,,
567,Gartic Phone,,,,,
568,Parasite Eve II,,,,,
569,Alien,,,,,
570,Reminiscence,,,,,
571,Gods Unchained,,,,,
572,Grand Theft Auto: San Andreas,Grand Theft Auto: San Andreas,Rockstar Games,,6 June 2005,"['Open World', 'Action', 'Crime', 'Classic', 'Automobile Sim', 'Third Person']"
573,Mini Motorways,Mini Motorways,Dinosaur Polo Club,,20 July 2021,"['Casual', 'Simulation', 'Strategy', 'Indie', 'Management', 'Puzzle']"
574,Tekken 5,TEKKEN 7,BANDAI NAMCO Studios Inc.,BANDAI NAMCO Entertainment,,"['Fighting', 'Action', 'Multiplayer', 'Competitive', 'Arcade', 'Local Multiplayer']"
575,Bee Simulator,,,,,
576,LOLBeans.io,,,,,
577,Crusader Kings III,Crusader Kings III,Paradox Development Studio,Paradox Interactive,1 September 2020,"['Strategy', 'RPG', 'Simulation', 'Medieval', 'Grand Strategy', 'Historical']"
578,Raft,Raft,Redbeet Interactive,Axolot Games,23 May 2018,"['Survival', 'Open World Survival Craft', 'Multiplayer', 'Co-op', 'Crafting', 'Open World']"
579,Lunch Lady,Lunch Lady,Manic Mice,,15 April 2021,"['Horror', 'Online Co-Op', 'Multiplayer', 'Co-op', 'Survival Horror', 'Dark']"
580,Just Die Already,Just Die Already,DoubleMoose Games,Curve Games,20 May 2021,"['Open World', 'Sandbox', 'Adventure', 'Multiplayer', 'Simulation', 'Indie']"
581,Gears of War 2,,,,,
582,The Lost Vikings 2,,,,,
583,Dragon Ball: Xenoverse 2,DRAGON BALL XENOVERSE 2,QLOC,BANDAI NAMCO Entertainment,27 October 2016,"['Anime', 'Fighting', 'Action', 'Character Customization', 'Multiplayer', 'Adventure']"
584,Ghost Exile,,,,,
585,Hokko Life,Hokko Life,Wonderscope,Team17,2 June 2021,"['Casual', 'Simulation', 'Indie', 'RPG', 'Adventure', 'Life Sim']"
586,Call of Cthulhu,Call of Cthulhu®,Cyanide Studio,Focus Entertainment,29 October 2018,"['Lovecraftian', 'Horror', 'Psychological Horror', 'Adventure', 'Story Rich', 'Atmospheric']"
587,Sonic.EXE,,,,,
588,Dark Souls,DARK SOULS™ II,"FromSoftware, Inc",BANDAI NAMCO Entertainment,,"['Souls-like', 'RPG', 'Dark Fantasy', 'Difficult', 'Action RPG', 'Action']"
589,Crash Bandicoot: Warped,,,,,
590,Kaiju Wars,,,,,
591,Blaston,,,,,
592,Nun Massacre,,,,,
593,Dead by Daylight,Dead by Daylight,Behaviour Interactive Inc.,,14 June 2016,"['Horror', 'Survival Horror', 'Multiplayer', 'Online Co-Op', 'Survival', 'Co-op']"
594,Brütal Legend,,,,,
595,Doki Doki Literature Club!,Doki Doki Literature Club!,Team Salvato,,22 September 2017,"['Psychological Horror', 'Anime', 'Visual Novel', 'Free to Play', 'Horror', 'Cute']"
596,SOMA,SOMA,Frictional Games,,21 September 2015,"['Philosophical', 'Story Rich', 'Atmospheric', 'Horror', 'Adventure', 'First-Person']"
597,Cuphead,Cuphead,Studio MDHR Entertainment Inc.,,29 September 2017,"['Difficult', 'Cartoon', 'Platformer', 'Co-op', 'Great Soundtrack', 'Local Co-Op']"
598,Suspects: Mystery Mansion,,,,,
599,Spellbreaker,,,,,
600,Shattered: Tale of the Forgotten King,,,,,
601,Returnal,,,,,
602,Life is Strange: True Colors,,,,,
603,"Warhammer 40,000: Chaos Gate - Daemonhunters","Warhammer 40,000: Chaos Gate - Daemonhunters",Complex Games,Frontier Foundry,5 May 2022,"['Warhammer 40K', 'Turn-Based Strategy', 'Strategy RPG', 'Turn-Based Tactics', 'Tactical', 'Choices Matter']"
604,Pokémon Black Version 2,,,,,
605,Mario & Luigi: Bowser's Inside Story + Bowser Jr.'s Journey,,,,,
606,Human: Fall Flat,Human: Fall Flat,No Brakes Games,Curve Games,22 July 2016,"['Co-op', 'Puzzle', 'Funny', 'Adventure', 'Physics', 'Action']"
607,Pokémon Black/White Version 2,,,,,
608,Just Ignore Them: Brea's Story Tape 1,,,,,
609,Resident Evil 2,Resident Evil 2,"CAPCOM Co., Ltd.",,24 January 2019,"['Zombies', 'Survival Horror', 'Horror', 'Remake', 'Singleplayer', 'Third Person']"
610,RaceRoom Racing Experience,RaceRoom Racing Experience,KW Studios,,12 February 2013,"['Free to Play', 'Racing', 'Simulation', 'Realistic', 'Automobile Sim', 'Multiplayer']"
611,BeamNG.drive,BeamNG.drive,BeamNG,,29 May 2015,"['Simulation', 'Driving', 'Physics', 'Destruction', 'Automobile Sim', 'Realistic']"
612,Uncharted 2: Among Thieves,,,,,
613,Realm Royale,Realm Royale,Heroic Leap Games,Hi-Rez Studios,5 June 2018,"['Battle Royale', 'Free to Play', 'Multiplayer', 'Shooter', 'Survival', 'Early Access']"
614,Olympic Games Tokyo 2020: The Official Video Game,,,,,
615,Tom Clancy's Rainbow Six Siege,Tom Clancy's Rainbow Six® Siege,Ubisoft Montreal,Ubisoft,1 December 2015,"['FPS', 'Hero Shooter', 'Multiplayer', 'Tactical', 'Shooter', 'Team-Based']"
616,Dissidia Final Fantasy NT,DISSIDIA FINAL FANTASY NT Free Edition,Square Enix,,,"['Free to Play', 'Action', 'Fighting', 'Anime', 'Multiplayer', 'Fantasy']"
617,Battlefleet Gothic: Armada 2,Battlefleet Gothic: Armada 2,Tindalos Interactive,Focus Entertainment,24 January 2019,"['Strategy', 'Warhammer 40K', 'Space', 'Real Time Tactics', 'RTS', 'Sci-fi']"
618,Commandos 2 HD Remaster,,,,,
619,Undertale,Undertale,tobyfox,,15 September 2015,"['Great Soundtrack', 'Story Rich', 'Choices Matter', 'Multiple Endings', 'Pixel Graphics', 'Funny']"
620,Uncharted 2: Among Thieves Remastered,,,,,
621,Mists of Aiden,,,,,
622,Death in the Family,,,,,
623,Mirror Layers,,,,,
624,Sports,,,,,
625,Loot River,,,,,
626,Kingdom Come: Deliverance,Kingdom Come: Deliverance,Warhorse Studios,,13 February 2018,"['Medieval', 'RPG', 'Open World', 'Realistic', 'Singleplayer', 'Historical']"
627,War Thunder,War Thunder,Gaijin Entertainment,Gaijin Distribution KFT,15 August 2013,"['Free to Play', 'Vehicular Combat', 'Combat', 'VR', 'World War II', 'Naval Combat']"
628,Banana Shooter,Banana Shooter,CodingDaniel,,1 May 2022,"['Action', 'Shooter', '3D Platformer', '3D', 'Free to Play', 'Multiplayer']"
629,Nippon Marathon,,,,,
630,The Sims 3,The Sims™ 3,The Sims Studio,Electronic Arts,2 June 2009,"['Life Sim', 'Simulation', 'Character Customization', 'Sandbox', 'Building', 'Singleplayer']"
631,Thymesia,,,,,
632,Ninjala,,,,,
633,Subway Surfers,,,,,
634,Kingdom Hearts Melody of Memory,,,,,
635,GeoGuessr,,,,,
636,Age of Empires II,Age of Empires IV,Relic Entertainment,Xbox Game Studios,,"['Strategy', 'RTS', 'Multiplayer', 'Medieval', 'Singleplayer', 'War']"
637,Pokémon Community Game,,,,,
638,Journey to the Savage Planet,Journey To The Savage Planet,Typhoon,505 Games,28 January 2021,"['Adventure', 'Action', 'Exploration', 'Action-Adventure', '3D Platformer', 'Arcade']"
639,The Binding of Isaac: Rebirth,The Binding of Isaac: Rebirth,"Nicalis, Inc.",,4 November 2014,"['Action Roguelike', 'Rogue-like', 'Indie', 'Replay Value', 'Difficult', 'Pixel Graphics']"
640,Assassin's Creed: Brotherhood,Assassin’s Creed® Brotherhood,Ubisoft Montreal,Ubisoft,22 March 2011,"['Action', 'Adventure', 'Open World', 'Parkour', 'Stealth', 'Assassin']"
641,Darksiders Genesis,,,,,
642,Grand Theft Auto V,Grand Theft Auto V,Rockstar North,Rockstar Games,14 April 2015,"['Open World', 'Action', 'Multiplayer', 'Automobile Sim', 'Crime', 'Third Person']"
643,Beholder,Beholder,Warm Lamp Games,Alawar Premium,9 November 2016,"['Dystopian ', 'Political Sim', 'Choices Matter', 'Strategy', 'Simulation', 'Singleplayer']"
644,Carmageddon II: Carpocalypse Now,,,,,
645,Sundered,,,,,
646,WWE 2K19,WWE 2K19,Visual Concepts,2K,8 October 2018,"['Sports', 'Wrestling', 'Fighting', 'Simulation', 'Character Customization', 'Multiplayer']"
647,TV Station Manager,,,,,
648,DuckTales: Remastered,DuckTales: Remastered,WayForward,Capcom,13 August 2013,"['Platformer', 'Adventure', 'Remake', 'Action', 'Retro', 'Casual']"
649,Seterra,,,,,
650,Astral Chain,,,,,
651,Travel & Outdoors,,,,,
652,Super Mario 64,,,,,
653,Horror Story: Hallowseed,,,,,
654,Dead Island,Dead Island,Techland,Deep Silver,Unknown,"['Zombies', 'Action', 'Co-op', 'Open World', 'RPG', 'FPS']"
655,Stopots,,,,,
656,Ravenous Devils,Ravenous Devils,Bad Vices Games,,29 April 2022,"['Management', 'Cooking', 'Villain Protagonist', 'Resource Management', 'Gore', 'Crime']"
657,Casino,,,,,
658,Prince of Persia: The Sands of Time,,,,,
659,Rogue Legacy 2,Rogue Legacy 2,Cellar Door Games,,28 April 2022,"['Rogue-lite', 'Metroidvania', 'Action', 'Indie', 'Platformer', 'Rogue-like']"
660,The Centennial Case: A Shijima Story,,,,,
661,Car Mechanic Simulator 2018,Car Mechanic Simulator 2018,Red Dot Games,PlayWay S.A.,28 July 2017,"['Simulation', 'Automobile Sim', 'Driving', 'Building', 'Realistic', 'Racing']"
662,Pokémon Showdown,,,,,
663,Death by Degrees,,,,,
664,Gran Turismo 7,,,,,
665,Final Fantasy VII,FINAL FANTASY VII,Square Enix,,4 July 2013,"['JRPG', 'RPG', 'Classic', 'Turn-Based', 'Story Rich', 'Singleplayer']"
666,Diablo II: Resurrected,,,,,
667,Card Game,,,,,
668,Xenoverse: Per Aspera Ad Astra,,,,,
669,Rec Room,,,,,
670,Fears to Fathom: Home Alone,,,,,
671,Deathtrap Dungeon: The Golden Room,,,,,
672,The Dark Pictures Anthology: Little Hope,The Dark Pictures Anthology: House of Ashes,Supermassive Games,BANDAI NAMCO Entertainment Europe,,"['Choices Matter', 'Horror', 'Survival Horror', 'Psychological Horror', 'Action-Adventure', 'Multiple Endings']"
673,Identity V,,,,,
674,Klonoa,,,,,
675,Lonely Mountains: Downhill,,,,,
676,Spellbreak,Spellbreak,"Proletariat, Inc.",,15 December 2020,"['Free to Play', 'Multiplayer', 'Battle Royale', 'Magic', 'PvP', 'Fantasy']"
677,World of Warships,World of Warships,Wargaming Group Limited,,15 November 2017,"['Naval Combat', 'Free to Play', 'Naval', 'World War II', 'Massively Multiplayer', 'Action']"
678,Little Nightmares,Little Nightmares,Tarsier Studios,BANDAI NAMCO Entertainment,27 April 2017,"['Horror', 'Atmospheric', 'Adventure', 'Singleplayer', 'Dark', 'Puzzle-Platformer']"
679,Nightmare Reaper,Nightmare Reaper,Blazing Bit Games,,28 March 2022,"['FPS', 'Retro', 'Looter Shooter', 'Violent', 'Rogue-lite', 'Shooter']"
680,Dragon Quest VI: Realms of Revelation,,,,,
681,Final Fantasy,FINAL FANTASY,Square Enix,,28 July 2021,"['JRPG', 'RPG', 'Party-Based RPG', 'Pixel Graphics', 'Exploration', '2D']"
682,Pokémon Gold,,,,,
683,Cold House,,,,,
684,Metal Slug X,METAL SLUG 3,SNK CORPORATION,,,"['Arcade', 'Classic', 'Action', 'Co-op', 'Side Scroller', 'Retro']"
685,Trek to Yomi,,,,,
686,The Vanishing of Ethan Carter Redux,The Vanishing of Ethan Carter,The Astronauts,,,"['Mystery', 'Atmospheric', 'Detective', 'Walking Simulator', 'Exploration', 'First-Person']"
687,Dark Souls III,DARK SOULS™ III,"FromSoftware, Inc.",,11 April 2016,"['Souls-like', 'Dark Fantasy', 'Difficult', 'RPG', 'Atmospheric', 'Lore-Rich']"
688,Elden Ring,ELDEN RING,FromSoftware Inc.,,24 February 2022,"['Souls-like', 'Relaxing', 'Dark Fantasy', 'RPG', 'Difficult', 'Open World']"
689,Dark Quest: Board Game,,,,,
690,Scream Go Hero: Eighth Note,,,,,
691,Fate/Grand Order,,,,,
692,Final Fantasy VII Remake,FINAL FANTASY VIII - REMASTERED,Square Enix,,,"['RPG', 'Adventure', 'JRPG', 'Story Rich', 'Turn-Based', 'Great Soundtrack']"
693,WWE SmackDown! vs. Raw 2006,,,,,
694,Hard West 2,,,,,
695,Pac-Man World,,,,,
696,Halo Infinite,Halo Infinite,343 Industries,Xbox Game Studios,15 November 2021,"['Free to Play', 'FPS', 'Multiplayer', 'Action', 'Shooter', 'First-Person']"
697,I'm on Observation Duty,,,,,
698,For The King,For The King,IronOak Games,Curve Games,19 April 2018,"['Open World', 'RPG', 'Strategy', 'Online Co-Op', 'Turn-Based', 'Rogue-like']"
699,Kirby and the Forgotten Land,,,,,
700,Gartic.io,,,,,
701,Say No! More,,,,,
702,Overwatch 2,,,,,
703,ShellShock Live,ShellShock Live,kChamp Games,,22 May 2020,"['Tanks', 'Multiplayer', 'Strategy', '2D', 'Action', 'Turn-Based']"
704,Bully: Scholarship Edition,Bully: Scholarship Edition,Rockstar New England,Rockstar Games,21 October 2008,"['Open World', 'Action', 'Adventure', 'Third Person', 'Comedy', 'Singleplayer']"
705,Holdfast: Nations At War,,,,,
706,Friday the 13th: The Game,Friday the 13th: The Game,IllFonic,Gun Media,26 May 2017,"['Horror', 'Multiplayer', 'Survival Horror', 'Survival', 'Gore', 'Violent']"
707,Dying Light,Dying Light,Techland,,26 January 2015,"['Zombies', 'Survival Horror', 'Horror', 'Online Co-Op', 'Open World', 'Parkour']"
708,Quordle,,,,,
709,A Plague Tale: Innocence,,,,,
710,Retail Royale,,,,,
711,Super Mario Land 2: 6 Golden Coins,,,,,
712,Crash Bandicoot,,,,,
713,The World is Your Weapon,,,,,
714,The Wardrobe: Even Better Edition,,,,,
715,Rescue Party: Live!,,,,,
716,The Vagrant,The Vagrant,O.T.K Games,SakuraGame,13 July 2018,"['Female Protagonist', 'Action', '2D', 'Metroidvania', 'RPG', 'Side Scroller']"
717,I'm Only Sleeping,,,,,
718,Pokémon Unite,,,,,
719,Knightfall: A Daring Journey,Knightfall: A Daring Journey,Landfall,,1 April 2022,"['Indie', 'Racing', 'Horses', 'Online Co-Op', 'Funny', 'Shooter']"
720,Arma Reforger,Arma Reforger,Bohemia Interactive,,17 May 2022,"['Action', 'Simulation', 'Strategy', 'Shooter', 'Sandbox', 'FPS']"
721,Digimon Story Cyber Sleuth,,,,,
722,Crab Game,Crab Game,Dani,,29 October 2021,"['Psychological Horror', 'Multiplayer', 'Free to Play', 'Battle Royale', 'PvP', 'Action']"
723,Super Mario World,,,,,
724,Vampire: The Masquerade - Swansong,Vampire: The Masquerade - Bloodhunt,Sharkmob AB,,,"['Battle Royale', 'Vampire', 'PvP', 'Third-Person Shooter', 'Survival', 'Supernatural']"
725,Dark Souls: Remastered,,,,,
726,Pokémon HeartGold/SoulSilver,,,,,
727,The Last of Us Part II,,,,,
728,Slender: The Arrival,,,,,
729,We Were Here Too,We Were Here Too,Total Mayhem Games,,2 February 2018,"['Escape Room', 'Online Co-Op', 'Puzzle', 'Co-op', 'Horror', 'Action-Adventure']"
730,Phantasmagoria,,,,,
731,Euro Truck Simulator,Euro Truck Simulator 2,SCS Software,,,"['Transportation', 'Driving', 'Simulation', 'Open World', 'Automobile Sim', 'Realistic']"
732,Chrono Cross,,,,,
733,Furi,,,,,
734,Lost Alone Ep.2: Daddy,,,,,
735,Prehistoric Kingdom,,,,,
736,Cookie Run: Kingdom,,,,,
737,Kukoro: Stream Chat Games,,,,,
738,Sekiro: Shadows Die Twice,Sekiro™: Shadows Die Twice - GOTY Edition,FromSoftware,Activision (Excluding Japan and Asia),,"['Souls-like', 'Difficult', 'Action', 'Singleplayer', 'Ninja', 'Stealth']"
739,ibb & obb,ibb & obb,Sparpweed,,26 May 2014,"['Co-op', 'Local Co-Op', 'Online Co-Op', 'Puzzle', 'Platformer', 'Indie']"
740,Achilles: Legends Untold,,,,,
741,Helldivers,,,,,
742,On The Road,,,,,
743,GRIS,GRIS,Nomada Studio,Devolver Digital,13 December 2018,"['Beautiful', 'Atmospheric', 'Great Soundtrack', 'Indie', 'Female Protagonist', 'Adventure']"
744,Epic Chef,,,,,
745,Just Dance 2022,,,,,
746,"Animals, Aquariums, and Zoos",,,,,
747,Super Animal Royale,Super Animal Royale,Pixile,Modus Games,26 August 2021,"['Battle Royale', 'Cute', 'Free to Play', 'Multiplayer', 'Massively Multiplayer', 'Casual']"
748,Metal Gear Solid V: The Phantom Pain,METAL GEAR SOLID V: THE PHANTOM PAIN,Konami Digital Entertainment,,1 September 2015,"['Stealth', 'Open World', 'Action', 'Story Rich', 'Tactical', 'Cinematic']"
749,Cosplay Maker,,,,,
750,.hack//G.U. Vol. 1: Rebirth,,,,,
751,Final Fantasy: Brave Exvius,,,,,
752,The Closing Shift,,,,,
753,Ultimate Epic Battle Simulator 2,Ultimate Epic Battle Simulator 2,Brilliant Game Studios,,12 May 2022,"['Simulation', 'Action', 'Strategy', 'God Game', 'Sandbox', 'Grand Strategy']"
754,Five Nights at Freddy's 2,Five Nights at Freddy's 2,Scott Cawthon,,10 November 2014,"['Horror', 'Singleplayer', 'Survival Horror', 'Robots', 'Psychological Horror', 'Difficult']"
755,Onimusha: Warlords,,,,,
756,SCUM,SCUM,Gamepires,,29 August 2018,"['Survival', 'Open World Survival Craft', 'Multiplayer', 'Open World', 'Zombies', 'Massively Multiplayer']"
757,Virtual Casino,,,,,
758,TETRIS 99,,,,,
759,Alien: Isolation,,,,,
760,Pokémon Colosseum,,,,,
761,Monster Prom,Monster Prom,Beautiful Glitch,Those Awesome Guys,27 April 2018,"['Dating Sim', 'Comedy', 'LGBTQ+', 'Multiplayer', 'Choices Matter', 'Visual Novel']"
762,ALTF4,,,,,
763,Resident Evil CODE: Veronica,,,,,
764,SnowRunner,SnowRunner,Saber Interactive,Focus Entertainment,17 May 2021,"['Simulation', 'Adventure', 'Automobile Sim', 'Exploration', 'Sandbox', 'First-Person']"
765,Geometry Dash,Geometry Dash,RobTop Games,,22 December 2014,"['Difficult', 'Music', 'Great Soundtrack', 'Precision Platformer', 'Rhythm', 'Level Editor']"
766,Pwnk,,,,,
767,Briscola,,,,,
768,Bugsnax,Bugsnax,Young Horses,,28 April 2022,"['Psychological Horror', 'Adventure', 'Creature Collector', 'LGBTQ+', 'Comedy', 'Story Rich']"
769,Tekken 3,TEKKEN 7,BANDAI NAMCO Studios Inc.,BANDAI NAMCO Entertainment,,"['Fighting', 'Action', 'Multiplayer', 'Competitive', 'Arcade', 'Local Multiplayer']"
770,Legend of Grimrock,Legend of Grimrock,Almost Human Games,,11 April 2012,"['Dungeon Crawler', 'RPG', 'Indie', 'Grid-Based Movement', 'Fantasy', 'Old School']"
771,Battlefield 1,Battlefield 1 ™,DICE,Electronic Arts,20 October 2016,"['FPS', 'Multiplayer', 'World War I', 'War', 'Shooter', 'Singleplayer']"
772,Two Hours One Life,,,,,
773,Teocida,,,,,
774,Nintendo Switch Sports,,,,,
775,Vesper,,,,,
776,Ben and Ed - Blood Party,,,,,
777,Dislyte,,,,,
778,Assassin's Creed: Odyssey,Assassin's Creed® Odyssey,Ubisoft Quebec,Ubisoft,5 October 2018,"['Open World', 'RPG', 'Singleplayer', 'Assassin', 'Action', 'Adventure']"
779,Hay Day,,,,,
780,Ultimate Custom Night,Ultimate Custom Night,Scott Cawthon,,27 June 2018,"['Free to Play', 'Horror', 'Singleplayer', 'Survival Horror', 'Difficult', 'Robots']"
781,Enslaved: Odyssey to the West,,,,,
782,The Dark Occult,,,,,
783,Live Bingo,,,,,
784,Patapon,,,,,
785,Saint Seiya: Awakening,,,,,
786,Bloodstained: Ritual of the Night,Bloodstained: Ritual of the Night,ArtPlay,505 Games,18 June 2019,"['Metroidvania', 'RPG', 'Action', 'Female Protagonist', 'Adventure', 'Anime']"
787,Prototype,Prototype™,Radical Entertainment,Activision,10 June 2009,"['Action', 'Open World', 'Gore', 'Singleplayer', 'Adventure', 'Third Person']"
788,"Zero Escape: Nine Hours, Nine Persons, Nine Doors",,,,,
789,Trials Fusion,,,,,
790,Dark Souls II,DARK SOULS™ II,"FromSoftware, Inc",BANDAI NAMCO Entertainment,25 April 2014,"['Souls-like', 'RPG', 'Dark Fantasy', 'Difficult', 'Action RPG', 'Action']"
791,Mount & Blade II: Bannerlord,Mount & Blade II: Bannerlord,TaleWorlds Entertainment,,30 March 2020,"['Medieval', 'Strategy', 'Open World', 'RPG', 'War', 'Multiplayer']"
792,Captain Tsubasa: Rise of New Champions,Captain Tsubasa: Rise of New Champions,TAMSOFT CORPORATION,BANDAI NAMCO Entertainment,28 September 2020,"['RPG', 'Anime', 'Action', 'Sports', 'Casual', 'Soccer']"
793,Road 96,Road 96 🛣️,Digixart,,16 August 2021,"['Adventure', 'Atmospheric', 'Narration', 'Story Rich', 'Dystopian ', 'Choices Matter']"
794,Automobilista 2,Automobilista 2,Reiza Studios,,31 March 2020,"['Racing', 'Simulation', 'Sports', 'VR', 'Automobile Sim', 'Driving']"
795,Drawy,,,,,
796,Captain Tsubasa: Dream Team,,,,,
797,Saw,,,,,
798,HyperParasite,,,,,
799,Clanfolk,,,,,
800,Slither.io,,,,,
801,Quattro chiacchiere,,,,,
802,Celeste,Celeste,"Extremely OK Games, Ltd.",Matt Makes Games Inc.,25 January 2018,"['Precision Platformer', 'Difficult', 'Pixel Graphics', 'Great Soundtrack', 'Platformer', 'Indie']"
803,The House of the Dead: Remake,,,,,
804,Krunker,,,,,
805,The King of Fighters '98 Ultimate Match Final Edition,,,,,
806,Ori and the Blind Forest,Ori and the Blind Forest,Moon Studios GmbH,Xbox Game Studios,11 March 2015,"['Great Soundtrack', 'Atmospheric', 'Platformer', 'Adventure', 'Story Rich', 'Metroidvania']"
807,Metal Gear Solid,,,,,
808,Battlefield 2042,Battlefield™ 2042,DICE,Electronic Arts,19 November 2021,"['Shooter', 'Action', 'Multiplayer', 'FPS', 'War', 'Military']"
809,Halo: The Master Chief Collection,Halo: The Master Chief Collection,343 Industries,Xbox Game Studios,3 December 2019,"['Great Soundtrack', 'FPS', 'Classic', 'Multiplayer', 'Story Rich', 'Sci-fi']"
810,Victoria II,Victoria II,Paradox Development Studio,Paradox Interactive,30 August 2010,"['Grand Strategy', 'Strategy', 'Historical', 'Political Sim', 'Politics', 'Economy']"
811,Just Dance,,,,,
812,Warzone,,,,,
813,The Evil Within 2,The Evil Within 2,Tango Gameworks,Bethesda Softworks,12 October 2017,"['Horror', 'Survival Horror', 'Psychological Horror', 'Story Rich', 'Action', 'Open World']"
814,Totally Accurate Battle Simulator,Totally Accurate Battle Simulator,Landfall,,1 April 2021,"['Sandbox', 'Funny', 'Simulation', 'Physics', 'Singleplayer', 'Indie']"
815,Chrono Trigger,CHRONO TRIGGER®,Square Enix,,27 February 2018,"['RPG', 'JRPG', 'Classic', 'Story Rich', 'Great Soundtrack', 'Time Travel']"
816,Contraband Police,Contraband Police Demo,Crazy Rocks,PlayWay S.A.,,
817,Plants vs. Zombies,,,,,
818,Peggle,,,,,
819,The Lucky Dime Caper starring Donald Duck,,,,,
820,Citizen Sleeper,Citizen Sleeper,Jump Over The Age,Fellow Traveller,5 May 2022,"['RPG', 'Cyberpunk', 'Choices Matter', 'Tabletop', 'Exploration', 'Futuristic']"
821,Call Of Duty: Modern Warfare,Call of Duty: Modern Warfare 3,Infinity Ward,,,"['Action', 'FPS', 'Multiplayer', 'Shooter', 'First-Person', 'War']"
822,Sorare,,,,,
823,Pro Cycling Manager 2021,Pro Cycling Manager 2021,Cyanide Studio,Nacon,3 June 2021,"['Simulation', 'Strategy', 'Cycling', 'Sports', 'Management', 'Competitive']"
824,Kentucky Route Zero,,,,,
825,Tunic,TUNIC,TUNIC Team,Finji,16 March 2022,"['Exploration', 'Puzzle', 'Souls-like', 'Metroidvania', 'Difficult', 'RPG']"
826,Return of the Obra Dinn,Return of the Obra Dinn,Lucas Pope,3909,18 October 2018,"['Detective', 'Mystery', 'Puzzle', 'Story Rich', 'Atmospheric', 'Singleplayer']"
827,Politics,,,,,
828,Ghost Exorcism Inc.,Ghost Exorcism INC.,StudioGoupil,,15 July 2021,"['Multiplayer', 'Online Co-Op', 'Supernatural', 'Investigation', 'Horror', 'Atmospheric']"
829,Overcooked! 2,Overcooked! 2,Ghost Town Games Ltd.,Team17,7 August 2018,"['Multiplayer', 'Online Co-Op', 'Local Co-Op', 'Casual', 'Co-op', 'Funny']"
830,Pokémon X/Y,,,,,
831,Alice in Wonderland,,,,,
832,G.O.D: Mezame Yo to Yobu Koe ga Kikoe,,,,,
833,PUBG: BATTLEGROUNDS,PUBG: BATTLEGROUNDS,"KRAFTON, Inc.",,21 December 2017,"['Survival', 'Shooter', 'Multiplayer', 'Battle Royale', 'FPS', 'PvP']"
834,We Were Here Forever,We Were Here Forever,Total Mayhem Games,,10 May 2022,"['Exploration', 'Puzzle', 'Online Co-Op', 'Escape Room', 'Adventure', 'Mystery']"
835,World of Tanks,World of Tanks,Wargaming Group Limited,,28 April 2021,"['Tanks', 'Free to Play', 'Action', 'Vehicular Combat', 'Massively Multiplayer', 'Military']"
836,Lady in a Leotard With a Gun,,,,,
837,Gears of War 4,,,,,
838,The Legend of Zelda: Twilight Princess HD,,,,,
839,Super Smash Bros. Melee,,,,,
840,The Dark Pictures Anthology: House of Ashes,The Dark Pictures Anthology: House of Ashes,Supermassive Games,BANDAI NAMCO Entertainment Europe,21 October 2021,"['Choices Matter', 'Horror', 'Survival Horror', 'Psychological Horror', 'Action-Adventure', 'Multiple Endings']"
841,The Secret of Monkey Island: Special Edition,,,,,
842,The Warriors,,,,,
843,Tom Clancy's The Division,Tom Clancy’s The Division™,Massive Entertainment,Ubisoft,7 March 2016,"['Open World', 'Multiplayer', 'Looter Shooter', 'Third-Person Shooter', 'Action', 'Co-op']"
844,Detroit: Become Human,,,,,
845,New World,New World,Amazon Games,,28 September 2021,"['Massively Multiplayer', 'Open World', 'MMORPG', 'RPG', 'Adventure', 'Action']"
846,The Witcher 3: Wild Hunt,The Witcher® 3: Wild Hunt,CD PROJEKT RED,,18 May 2015,"['Open World', 'RPG', 'Story Rich', 'Atmospheric', 'Mature', 'Fantasy']"
847,JANITOR BLEEDS,,,,,
848,The Town of Light,,,,,
849,Sid Meier's Civilization VI,Sid Meier’s Civilization® VI,Firaxis Games,2K,20 October 2016,"['Strategy', 'Turn-Based Strategy', 'Historical', 'Multiplayer', 'Singleplayer', 'Turn-Based']"
850,Super Robot Wars 30,SUPER ROBOT WARS V,"B.B.STUDIO CO.,LTD.",BANDAI NAMCO Entertainment,,"['Tactical RPG', 'Robots', 'Anime', 'JRPG', 'Turn-Based Tactics', 'Visual Novel']"
851,Super Smash Bros. Ultimate,,,,,
852,Labyrinthine,Labyrinthine,Valko Game Studios,,28 October 2020,"['Horror', 'Puzzle', 'PvE', 'Action-Adventure', 'First-Person', 'Character Customization']"
853,Metal Gear Acid 2,,,,,
854,Quiz Show,,,,,
855,Them and Us,,,,,
856,Jurassic Park,,,,,
857,Half-Life: Alyx,Half-Life: Alyx,Valve,,23 March 2020,"['VR', 'FPS', 'Story Rich', 'Horror', 'Shooter', 'Female Protagonist']"
858,Syberia: The World Before,Syberia: The World Before,Microids Studio Paris,Microids,18 March 2022,"['Adventure', 'Story Rich', 'Puzzle', 'Steampunk', 'Exploration', 'Point & Click']"
859,Stream Arenas,,,,,
860,Train Sim World 2,Train Sim World® 2,Dovetail Games,Dovetail Games - TSW,20 August 2020,"['Simulation', 'Trains', 'Realistic', 'Driving', 'Singleplayer', 'Transportation']"
861,Friday the 13th: Killer Puzzle,Friday the 13th: Killer Puzzle,Blue Wizard Digital,,12 April 2018,"['Free to Play', 'Puzzle', 'Horror', 'Gore', 'Violent', 'Blood']"
862,Dark Messiah of Might and Magic,Dark Messiah of Might & Magic,Arkane Studios,Ubisoft,25 October 2006,"['RPG', 'First-Person', 'Action', 'Fantasy', 'Dark Fantasy', 'Swordplay']"
863,Dorfromantik,Dorfromantik,Toukana Interactive,,28 April 2022,"['City Builder', 'Puzzle', 'Indie', 'Strategy', 'Turn-Based Strategy', 'Simulation']"
864,Who Wants to Be a Millionaire,,,,,
865,Ib,Ib,kouri,PLAYISM,11 April 2022,"['Female Protagonist', 'Horror', '2D', 'Psychological Horror', 'Cute', 'Pixel Graphics']"
866,Board Games,,,,,
867,Crime Patrol,,,,,
868,Fallout 76,Fallout 76,Bethesda Game Studios,Bethesda Softworks,14 April 2020,"['Dark Comedy', 'RPG', 'Open World', 'Multiplayer', 'Post-apocalyptic', 'Capitalism']"
869,Backpack Hero,,,,,
870,Wreckfest,Wreckfest,Bugbear,THQ Nordic,14 June 2018,"['Racing', 'Destruction', 'Automobile Sim', 'Simulation', 'Driving', 'Multiplayer']"
871,Kind Words,,,,,
872,Star Wars Battlefront II,STAR WARS™ Battlefront™ II,DICE,Electronic Arts,16 November 2017,"['Multiplayer', 'Singleplayer', 'Shooter', 'FPS', 'Third-Person Shooter', 'Action']"
873,LEGO Star Wars: The Skywalker Saga,LEGO® Star Wars™: The Skywalker Saga,TT Games,Warner Bros. Games,5 April 2022,"['LEGO', 'Adventure', 'Open World', 'Multiplayer', 'Co-op', 'Space']"
874,Pokémon Sword/Shield,,,,,
875,Twister,,,,,
876,Tomb Raider III: Adventures of Lara Croft,,,,,
877,Zero Escape: Virtue's Last Reward,,,,,
878,Pinturillo 2,,,,,
879,Poker,,,,,
880,Plague Inc: Evolved,Plague Inc: Evolved,Ndemic Creations,,18 February 2016,"['Strategy', 'Simulation', 'Outbreak Sim', 'Indie', 'Singleplayer', 'Multiplayer']"
881,MotoGP 22,MotoGP™22,Milestone S.r.l.,,21 April 2022,"['Racing', 'Simulation', 'Sports', 'First-Person', 'Split Screen', 'Third Person']"
882,Pokémon Legends: Arceus,,,,,
883,Sifu,,,,,
884,GhostWire: Tokyo,Ghostwire: Tokyo,Tango Gameworks,Bethesda Softworks,24 March 2022,"['Singleplayer', 'Supernatural', 'First-Person', 'Action-Adventure', 'Horror', 'Open World']"
885,Until Dawn,,,,,
886,Assassin's Creed Valhalla,Assassin's Creed 2,Ubisoft Montreal,Ubisoft,,"['Action', 'Open World', 'Parkour', 'Adventure', 'Stealth', 'Assassin']"
887,Dragon Ball FighterZ,DRAGON BALL FighterZ,Arc System Works,BANDAI NAMCO Entertainment,26 January 2018,"['Fighting', 'Anime', 'Action', '2D Fighter', 'Multiplayer', 'Competitive']"
888,The Crew 2,The Crew™ 2,Ivory Tower,Ubisoft,28 June 2018,"['Racing', 'Open World', 'Automobile Sim', 'Driving', 'Multiplayer', 'Massively Multiplayer']"
889,Train Simulator 2022,,,,,
890,Dinosaur Fossil Hunter,,,,,
891,The House of Da Vinci 2,,,,,
892,WarioWare: Get It Together!,,,,,
893,Total War: Rome II,Total War: WARHAMMER II,CREATIVE ASSEMBLY,SEGA,,"['Strategy', 'Fantasy', 'Turn-Based Strategy', 'RTS', 'Grand Strategy', 'War']"
894,7 Days to Die,7 Days to Die,The Fun Pimps,The Fun Pimps Entertainment LLC,13 December 2013,"['Survival', 'Zombies', 'Voxel', 'Open World', 'Open World Survival Craft', 'Multiplayer']"
895,Teenage Mutant Ninja Turtles,,,,,
896,MediEvil,,,,,
897,Food & Drink,,,,,
898,Gang Beasts,Gang Beasts,Boneloaf,,12 December 2017,"['Funny', 'Physics', 'Multiplayer', 'Colorful', 'Party Game', 'Party']"
899,Monster Hunter Rise,MONSTER HUNTER RISE,"CAPCOM Co., Ltd.",,12 January 2022,"['Action', 'Online Co-Op', 'RPG', 'Hunting', 'Action RPG', 'JRPG']"
900,Tender,,,,,
901,Keep Talking and Nobody Explodes,Keep Talking and Nobody Explodes,Steel Crate Games,,8 October 2015,"['Co-op', 'Puzzle', 'Local Co-Op', 'Multiplayer', 'VR', 'Indie']"
902,Wildcat Gun Machine,,,,,
903,Borderlands 2,Borderlands 2,Gearbox Software,2K,17 September 2012,"['Loot', 'Shooter', 'Action', 'Multiplayer', 'Co-op', 'Looter Shooter']"
904,Grand Theft Auto III,Grand Theft Auto III,Rockstar Games,,21 May 2002,"['Open World', 'Action', 'Automobile Sim', 'Classic', 'Third Person', 'Crime']"
905,Spike Volleyball,,,,,
906,Pokémon XD: Gale of Darkness,,,,,
907,Portal 2,Portal 2,Valve,,18 April 2011,"['Platformer', 'Puzzle', 'Dark Humor', 'First-Person', 'Puzzle-Platformer', 'Story Rich']"
908,Slashers,,,,,
909,Trackmania,,,,,
910,Animal Crossing: New Horizons,,,,,
911,Perseverance: Part 1,,,,,
912,Metroid: Other M,,,,,
913,The Stanley Parable,The Stanley Parable,Galactic Cafe,,17 October 2013,"['Comedy', 'Narration', 'Indie', 'Walking Simulator', 'First-Person', 'Funny']"
914,Dead or Alive 6,DEAD OR ALIVE 6,"KOEI TECMO GAMES CO., LTD.",,28 February 2019,"['Fighting', 'Sexual Content', 'Action', 'Nudity', 'Female Protagonist', 'Mature']"
915,Eternal Edge +,,,,,
916,Resident Evil 7 biohazard,Resident Evil 7 Biohazard,"CAPCOM Co., Ltd.",,23 January 2017,"['Horror', 'Survival Horror', 'First-Person', 'Singleplayer', 'Atmospheric', 'Zombies']"
917,The Last of Us Remastered,,,,,
918,Amnesia: The Dark Descent,Amnesia: The Dark Descent,Frictional Games,,8 September 2010,"['Horror', 'Psychological Horror', 'Atmospheric', 'Survival Horror', 'Story Rich', 'First-Person']"
919,Darkest Dungeon,Darkest Dungeon®,Red Hook Studios,,19 January 2016,"['Turn-Based Combat', 'Dark Fantasy', 'Dungeon Crawler', 'Rogue-like', 'RPG', 'Lovecraftian']"
920,Pull Stay,,,,,
921,Call of Duty 4: Modern Warfare,Call of Duty® 4: Modern Warfare®,Infinity Ward,Activision,12 November 2007,"['FPS', 'Action', 'Multiplayer', 'Shooter', 'Singleplayer', 'First-Person']"
922,Super Mario RPG: Legend of the Seven Stars,,,,,
923,DOOM Eternal,DOOM Eternal,id Software,Bethesda Softworks,19 March 2020,"['Action', 'FPS', 'Great Soundtrack', 'Gore', 'Fast-Paced', 'Violent']"
924,The Elder Scrolls V: Skyrim,The Elder Scrolls V: Skyrim,Bethesda Game Studios,Bethesda Softworks,10 November 2011,"['Open World', 'RPG', 'Fantasy', 'Adventure', 'Dragons', 'Moddable']"
925,Ratchet & Clank,,,,,
926,Follia – Dear Father,,,,,
927,Neon Abyss,Neon Abyss,Veewo Games,Team17,14 July 2020,"['Rogue-like', 'Platformer', 'Loot', 'Procedural Generation', 'Singleplayer', 'Replay Value']"
928,Xenoblade Chronicles 2,,,,,
929,Science & Technology,,,,,
930,Vampire Survivors,Vampire Survivors,poncle,,17 December 2021,"['Action Roguelike', 'Pixel Graphics', 'Bullet Hell', '2D', 'Casual', 'Indie']"
931,Jackbox Party Packs,,,,,
932,Slime: Isekai Memories,,,,,
933,In Sound Mind,,,,,
934,Governor of Poker 3,Governor of Poker 3,Azerion,,19 February 2016,"['Gambling', 'Sports', 'Card Game', 'Free to Play', 'Multiplayer', 'Character Customization']"
935,Silent Hill,,,,,
936,Metin2,Metin2,WEBZEN Inc.,Gameforge 4D GmbH,17 December 2006,"['Free to Play', 'MMORPG', 'PvP', 'Action RPG', 'PvE', 'Massively Multiplayer']"
937,Guilty Gear: Strive,GUILTY GEAR -STRIVE-,Arc System Works,,11 June 2021,"['2D Fighter', 'Fighting', 'Anime', '2.5D', 'PvP', 'Arcade']"
938,Garena Free Fire,,,,,
939,Trials Rising,,,,,
940,Rocket League,Rocket League®,Psyonix LLC,,7 July 2015,"['Multiplayer', 'Soccer', 'Competitive', 'Sports', 'Racing', 'Team-Based']"
941,RimWorld,RimWorld,Ludeon Studios,,17 October 2018,"['Colony Sim', 'Base Building', 'Survival', 'Strategy', 'Management', 'Sandbox']"
942,Super Bunny Man,Super Bunny Man,Catobyte,Catobyte Ltd,1 September 2017,"['Funny', 'Co-op', 'Indie', 'Online Co-Op', 'Multiplayer', 'Action']"
943,Haunt Chaser,,,,,
944,Darts,,,,,
945,Judgment,,,,,
946,Splatoon,,,,,
947,In Silence,In Silence,Ravenhood Games,,29 October 2021,"['Horror', 'Multiplayer', 'Online Co-Op', 'Survival Horror', 'Co-op', 'Psychological Horror']"
948,Harry Potter and the Half-Blood Prince,,,,,
949,Need for Speed: Underground 2,,,,,
950,The Legend of Zelda: Link's Awakening,,,,,
951,Cat Quest,Cat Quest,The Gentlebros,PQube,8 August 2017,"['Adventure', 'RPG', 'Cats', 'Cute', 'Action', 'Hack and Slash']"
952,Mario Party Superstars,,,,,
953,The Lord of the Rings: The Battle for Middle-earth II,,,,,
954,Martha Is Dead,,,,,
955,MY HERO ONE'S JUSTICE 2,MY HERO ONE'S JUSTICE,Byking Inc.,BANDAI NAMCO Entertainment,,"['Action', 'Anime', 'Fighting', 'Superhero', 'Multiplayer', 'Character Customization']"
956,Stronghold Crusader II,Stronghold Crusader 2,FireFly Studios,,22 September 2014,"['Strategy', 'Medieval', 'City Builder', 'RTS', 'Multiplayer', 'Simulation']"
957,Stream Games,,,,,
958,Speedrun,,,,,
959,The Dark Pictures Anthology: Man of Medan,The Dark Pictures Anthology: House of Ashes,Supermassive Games,BANDAI NAMCO Entertainment Europe,,"['Choices Matter', 'Horror', 'Survival Horror', 'Psychological Horror', 'Action-Adventure', 'Multiple Endings']"
960,BATTLESHIP,,,,,
961,theHunter: Call of the Wild,theHunter: Call of the Wild™,Expansive Worlds,,16 February 2017,"['Hunting', 'Open World', 'Multiplayer', 'Simulation', 'First-Person', 'Shooter']"
962,Call of Duty: Modern Warfare 3,Call of Duty: Modern Warfare 3,Infinity Ward,,Unknown,"['Action', 'FPS', 'Multiplayer', 'Shooter', 'First-Person', 'War']"
963,Clubhouse Games: 51 Worldwide Classics,,,,,
964,Garry's Mod,Garry's Mod,Facepunch Studios,Valve,29 November 2006,"['Sandbox', 'Multiplayer', 'Funny', 'Moddable', 'Building', 'Comedy']"
965,Bully,,,,,
966,Subnautica,Subnautica,Unknown Worlds Entertainment,,23 January 2018,"['Open World Survival Craft', 'Survival', 'Open World', 'Exploration', 'Underwater', 'Crafting']"
967,Bonbon,,,,,
968,Resident Evil: Revelations 2,Resident Evil Revelations,Capcom,,,"['Action', 'Horror', 'Zombies', 'Survival Horror', 'Third-Person Shooter', 'Adventure']"
969,osu!,,,,,
970,Pokémon Ultra Sun,,,,,
971,Fall Guys: Ultimate Knockout,Fall Guys: Ultimate Knockout,Mediatonic,,3 August 2020,"['Multiplayer', 'Party Game', 'Family Friendly', 'Battle Royale', 'Massively Multiplayer', 'Platformer']"
972,Windbound,,,,,
973,Amnesia: A Machine for Pigs,Amnesia: A Machine for Pigs,The Chinese Room,Frictional Games,10 September 2013,"['Walking Simulator', 'Horror', 'Story Rich', 'Atmospheric', 'First-Person', 'Psychological Horror']"
974,while True: learn(),,,,,
975,Roblox,,,,,
976,Rocket League Sideswipe,,,,,
977,Yakuza 5 Remastered,Yakuza 5 Remastered,Ryu Ga Gotoku Studio,SEGA,28 January 2021,"['Action', 'Adventure', 'Open World', ""Beat 'em up"", 'RPG', 'Action RPG']"
978,Phasmophobia,Phasmophobia,Kinetic Games,,18 September 2020,"['Horror', 'Online Co-Op', 'Multiplayer', 'Psychological Horror', 'Co-op', 'VR']"
979,Tomb Raider Level Editor,,,,,
980,Little Nightmares II,Little Nightmares II,Tarsier Studios,BANDAI NAMCO Entertainment,10 February 2021,"['Horror', 'Adventure', 'Singleplayer', 'Puzzle', 'Dark', 'Atmospheric']"
981,BlazBlue: Cross Tag Battle,BlazBlue: Cross Tag Battle,Arc System Works,,20 November 2019,"['2D Fighter', 'Anime', 'Action', 'Fighting', 'Great Soundtrack', 'eSports']"
982,Dying Light 2: Stay Human,Dying Light 2 Stay Human,Techland,,3 February 2022,"['Open World', 'Zombies', 'Co-op', 'Multiplayer', 'Parkour', 'Survival']"
983,Big Brain Academy: Brain vs. Brain,,,,,
984,FRIDAY NIGHT FUNKIN',,,,,
985,Guns Up! Mobile,,,,,
986,Alone in the Dark 3,,,,,
987,Control,,,,,
988,Stranger of Paradise: Final Fantasy Origin,,,,,
989,"Pokémon: Let's Go, Pikachu!",,,,,
990,Riverbond,,,,,
991,Tales of Arise,Tales of Arise,Bandai Namco Studios Inc.,Bandai Namco Entertainment,9 September 2021,"['Anime', 'JRPG', 'RPG', 'Action RPG', 'Action', 'Fantasy']"
992,Super Pang,,,,,
993,It Steals,,,,,
994,ElecHead,,,,,
995,Tangle Tower,,,,,
996,Monopoly Plus,MONOPOLY® PLUS,Ubisoft Pune,Ubisoft,7 September 2017,"['Multiplayer', 'Board Game', 'Casual', 'Tabletop', 'Family Friendly', 'Turn-Based']"
997,Dealer's Life 2,,,,,
998,BombParty,,,,,
999,Deponia Doomsday,Deponia Doomsday,Daedalic Entertainment,,1 March 2016,"['Adventure', 'Point & Click', 'Comedy', 'Indie', 'Singleplayer', 'Story Rich']"
1000,PUBG Mobile,,,,,
1001,Naruto Shippuden: Ultimate Ninja Storm 2,NARUTO SHIPPUDEN: Ultimate Ninja STORM 4,CyberConnect2 Co. Ltd.,BANDAI NAMCO Entertainment,,"['Anime', 'Fighting', 'Action', 'Ninja', 'Multiplayer', 'Adventure']"
1002,Spongebob Squarepants: Battle For Bikini Bottom,SpongeBob SquarePants: Battle for Bikini Bottom - Rehydrated,Purple Lamp,THQ Nordic,,"['Adventure', '3D Platformer', 'Cult Classic', 'Remake', 'Action', 'Casual']"
1003,Final Fantasy: Crystal Chronicles,,,,,
1004,Fortnite,,,,,
1005,DiRT Rally 2.0,DiRT Rally 2.0,Codemasters,,25 February 2019,"['Racing', 'Automobile Sim', 'Simulation', 'Multiplayer', 'Sports', 'Driving']"
1006,Winkeltje: The Little Shop,Winkeltje: The Little Shop,Sassybot,,22 April 2022,"['Economy', 'Capitalism', 'Crafting', 'Management', 'Building', 'Medieval']"
1007,Little Witch in the Woods,Little Witch in the Woods,SUNNY SIDE UP,,16 May 2022,"['Cute', 'Pixel Graphics', 'Funny', 'RPG', 'Magic', 'Relaxing']"
1008,Cry of Fear,,,,,
1009,Outlast,Outlast 2,Red Barrels,,,"['Horror', 'Psychological Horror', 'Survival Horror', 'First-Person', 'Gore', 'Singleplayer']"
1010,Never Alone,,,,,
1011,Resident Evil 0,Resident Evil 0,"CAPCOM Co., Ltd.",,19 January 2016,"['Horror', 'Zombies', 'Survival Horror', 'Adventure', 'Classic', 'Action']"
1012,ANNO: Mutationem,ANNO: Mutationem,ThinkingStars,Lightning Games,16 March 2022,"['RPG', 'Pixel Graphics', 'Cyberpunk', 'Female Protagonist', 'Action-Adventure', 'Indie']"
1013,Life is Strange,Life is Strange 2,DONTNOD Entertainment,Square Enix,,"['Choices Matter', 'Story Rich', 'Adventure', 'Singleplayer', 'Great Soundtrack', 'Atmospheric']"
1014,Europa Universalis IV,Europa Universalis IV,Paradox Development Studio,Paradox Interactive,13 August 2013,"['Grand Strategy', 'Historical', 'Simulation', 'Alternate History', 'Economy', 'Military']"
1015,Retro,,,,,
1016,We Happy Few,We Happy Few,Compulsion Games,Gearbox Publishing,10 August 2018,"['Adventure', 'Action', 'Open World', 'Survival', 'Dystopian ', 'Indie']"
1017,Resident Evil Outbreak,,,,,
1018,Lost Alone EP.1: Little Sister,,,,,
1019,GameRoom,,,,,
1020,God of War,God of War,Santa Monica Studio,PlayStation PC LLC,14 January 2022,"['Action', 'Adventure', 'Singleplayer', 'Story Rich', 'Mythology', 'Third Person']"
1021,PowerWash Simulator,PowerWash Simulator,FuturLab,Square Enix,19 May 2021,"['Simulation', 'Casual', 'Indie', 'Relaxing', 'Singleplayer', 'Early Access']"
1022,Mario Tennis Aces,,,,,
1023,Prominence Poker,Prominence Poker,Pipeworks Studios,,12 December 2016,"['Card Game', 'Free to Play', 'Multiplayer', 'Gambling', 'Simulation', 'Strategy']"
1024,Wii Fit U,,,,,
1025,Diablo III,,,,,
1026,Alien vs Predator,,,,,
1027,Higurashi: When They Cry,,,,,
1028,Baba is You,Baba Is You,Hempuli Oy,,13 March 2019,"['Puzzle', 'Indie', 'Difficult', 'Singleplayer', 'Pixel Graphics', 'Logic']"
1029,Horizon Forbidden West,,,,,
1030,Red Dead Redemption,Red Dead Redemption 2,Rockstar Games,,,"['Open World', 'Adventure', 'Story Rich', 'Western', 'Action', 'Multiplayer']"
1031,Legends of Runeterra,,,,,
1032,Splitgate,Splitgate,1047 Games,,24 May 2019,"['Free to Play', 'FPS', 'Multiplayer', 'Arena Shooter', 'Shooter', 'Action']"
1033,Days Gone,Days Gone,Bend Studio,PlayStation PC LLC,17 May 2021,"['Open World', 'Zombies', 'Post-apocalyptic', 'Singleplayer', 'Survival', 'Action']"
1034,Teardown,Teardown,Tuxedo Labs,,21 April 2022,"['Destruction', 'Physics', 'Sandbox', 'Voxel', 'First-Person', 'Heist']"
1035,Overlord: Escape from Nazarick,,,,,
1036,Deponia,Deponia,Daedalic Entertainment,,6 August 2012,"['Adventure', 'Point & Click', 'Comedy', 'Puzzle', 'Singleplayer', 'Funny']"
1037,Talk To Me,,,,,
1038,Octopath Traveler,,,,,
1039,Songs of Conquest,Songs of Conquest,Lavapotion,Coffee Stain Publishing,10 May 2022,"['Adventure', 'Strategy', 'Turn-Based Strategy', 'Turn-Based Combat', 'Turn-Based Tactics', 'Fantasy']"
1040,Black Desert,Black Desert,Pearl Abyss,,24 May 2017,"['MMORPG', 'Massively Multiplayer', 'RPG', 'Open World', 'Character Customization', 'Adventure']"
1041,The Great Ace Attorney Chronicles,The Great Ace Attorney Chronicles,"CAPCOM Co., Ltd.",,26 July 2021,"['Adventure', 'Visual Novel', 'Anime', '3D', 'Text-Based', 'Mystery']"
1042,The Binding of Isaac,The Binding of Isaac,Edmund McMillen,,28 September 2011,"['Action Roguelike', 'Rogue-like', 'Indie', 'Replay Value', 'Difficult', 'Procedural Generation']"
1043,A Memoir Blue,,,,,
1044,OMORI,OMORI,"OMOCAT, LLC",,25 December 2020,"['Psychological Horror', 'Story Rich', 'Indie', 'Pixel Graphics', 'Great Soundtrack', 'RPG']"
1045,Century: Age of Ashes,Century: Age of Ashes,Playwing LTD,,2 December 2021,"['Free to Play', 'Dragons', 'Multiplayer', 'Action', 'Team-Based', 'Indie']"
1046,Gears 5,Gears 5,The Coalition,Xbox Game Studios,9 September 2019,"['Action', 'Adventure', 'Third-Person Shooter', 'Multiplayer', 'Co-op', 'Singleplayer']"
1047,Pokémon Crystal,,,,,
1048,Hell Let Loose,Hell Let Loose,Black Matter Pty Ltd,Team17,27 July 2021,"['Action', 'Shooter', 'World War II', 'FPS', 'Multiplayer', 'Realistic']"
1049,Lost Odyssey,,,,,
1050,Apex Legends,Apex Legends™,Respawn Entertainment,Electronic Arts,4 November 2020,"['Free to Play', 'Battle Royale', 'Multiplayer', 'Shooter', 'First-Person', 'FPS']"
1051,Triangle Strategy,,,,,
1052,Pokémon GO,,,,,
1053,Portal,Portal,Valve,,10 October 2007,"['Puzzle', 'Puzzle-Platformer', 'First-Person', '3D Platformer', 'Singleplayer', 'Sci-fi']"
1054,Pokémon Mystery Dungeon: Rescue Team DX,,,,,
1055,Persona 5 Strikers,Persona® 5 Strikers,ATLUS,SEGA,22 February 2021,"['Anime', 'Great Soundtrack', 'JRPG', 'Hack and Slash', 'Adventure', 'Story Rich']"
1056,WWE SmackDown vs. Raw 2007,,,,,
1057,We Were Here Together,We Were Here Together,Total Mayhem Games,,10 October 2019,"['Story Rich', 'Puzzle', 'Escape Room', 'Co-op Campaign', 'Online Co-Op', 'Exploration']"
1058,Emily Wants To Play,,,,,
1059,BUS SIMULATOR,Bus Simulator 18,stillalive studios,astragon Entertainment,,"['Simulation', 'Automobile Sim', 'Driving', 'Multiplayer', 'Realistic', 'Open World']"
1060,Grim Fandango Remastered,Grim Fandango Remastered,Double Fine Productions,,26 January 2015,"['Adventure', 'Point & Click', 'Classic', 'Story Rich', 'Comedy', 'Noir']"
1061,The Sims 4,The Sims™ 4,Maxis,Electronic Arts,2 September 2014,"['Life Sim', 'Character Customization', 'Building', 'Simulation', 'Sexual Content', 'Casual']"
1062,Whispering Willows,,,,,
1063,Hunt: Showdown,Hunt: Showdown,Crytek,,27 August 2019,"['Co-op', 'PvE', 'Stealth', 'PvP', 'Shooter', 'Horror']"
1064,Mario Kart 64,,,,,
1065,Cities: Skylines,Cities: Skylines,Colossal Order Ltd.,Paradox Interactive,10 March 2015,"['City Builder', 'Simulation', 'Building', 'Management', 'Strategy', 'Sandbox']"
1066,Omen Exitio: Plague,,,,,
1067,The Binding of Isaac: Repentance,The Binding of Isaac: Rebirth,"Nicalis, Inc.",,,"['Action Roguelike', 'Rogue-like', 'Indie', 'Replay Value', 'Difficult', 'Pixel Graphics']"
1068,Yu-Gi-Oh! Duel Links,Yu-Gi-Oh! Duel Links,Konami Digital Entertainment,,16 November 2017,"['Free to Play', 'Card Game', 'Anime', 'Strategy', 'Multiplayer', 'Trading Card Game']"
1069,Pokémon Black/White,,,,,
1070,The Pigeon P,,,,,
1071,Kingdom Hearts III,,,,,
1072,Limbo,,,,,
1073,Harry Potter and the Order of the Phoenix,,,,,
1074,The Plan,,,,,
1075,Nightmare of Decay,,,,,
1076,Deceit,Deceit,World Makers,,3 March 2017,"['PvP', 'Free to Play', 'Multiplayer', 'Social Deduction', 'Horror', 'FPS']"
1077,Unpacking,Unpacking,Witch Beam,Humble Games,1 November 2021,"['Relaxing', 'Pixel Graphics', 'Cute', 'Story Rich', 'Casual', 'Simulation']"
1078,Genshin Impact,,,,,
1079,Friday the 13th: The Computer Game,Friday the 13th: The Game,IllFonic,Gun Media,,"['Horror', 'Multiplayer', 'Survival Horror', 'Survival', 'Gore', 'Violent']"
1080,Path of Exile,Path of Exile,Grinding Gear Games,,23 October 2013,"['Free to Play', 'Action RPG', 'Hack and Slash', 'RPG', 'Multiplayer', 'Loot']"
1081,Pokémon Platinum,,,,,
1082,Heave Ho,,,,,
1083,Art,,,,,
1084,Castlevania: Rondo of Blood,,,,,
1085,Grand Theft Auto IV,Grand Theft Auto V,Rockstar North,Rockstar Games,,"['Open World', 'Action', 'Multiplayer', 'Automobile Sim', 'Crime', 'Third Person']"
1086,Tekken 2,TEKKEN 7,BANDAI NAMCO Studios Inc.,BANDAI NAMCO Entertainment,,"['Fighting', 'Action', 'Multiplayer', 'Competitive', 'Arcade', 'Local Multiplayer']"
1087,Persona 5,,,,,
1088,Call of Duty: Black Ops,Call of Duty®: Black Ops,Treyarch,Activision,9 November 2010,"['Action', 'FPS', 'Zombies', 'Multiplayer', 'Shooter', 'Singleplayer']"
1089,Demeo,,,,,
1090,Final Fantasy IX,FINAL FANTASY IX,Square Enix,,14 April 2016,"['JRPG', 'Story Rich', 'Great Soundtrack', 'Fantasy', 'RPG', 'Classic']"
1091,Reaction,,,,,
1092,Outwars,,,,,
1093,The Seven Deadly Sins: Grand Cross,,,,,
1094,NieR: Automata,,,,,
1095,White Day: A Labyrinth Named School,,,,,
1096,Stream Racer,,,,,
1097,House Flipper,House Flipper,Empyrean,Frozen District,17 May 2018,"['Simulation', 'Design & Illustration', 'Singleplayer', 'Sandbox', 'Building', 'Relaxing']"
1098,Quiplash,Quiplash,"Jackbox Games, Inc.",,30 June 2015,"['Casual', 'Multiplayer', 'Comedy', 'Indie', 'Strategy', 'Co-op']"
1099,F1 Manager 2022,,,,,
1100,The World's Hardest Game,,,,,
1101,Make It Meme,,,,,
1102,Spelunky 2,Spelunky 2,Mossmouth,,29 September 2020,"['Platformer', '2D Platformer', 'Action Roguelike', 'Perma Death', 'Online Co-Op', 'Co-op']"
1103,Hydroneer,Hydroneer,Foulball Hangover,,8 May 2020,"['Simulation', 'Mining', 'Building', 'Sandbox', 'Indie', 'Casual']"
1104,Live for Speed,,,,,
1105,Conan Exiles,Conan Exiles,Funcom,,8 May 2018,"['Survival', 'Open World', 'Building', 'Nudity', 'Open World Survival Craft', 'Crafting']"
1106,Left 4 Dead 2,Left 4 Dead 2,Valve,,16 November 2009,"['Zombies', 'Co-op', 'FPS', 'Multiplayer', 'Shooter', 'Action']"
1107,Warhammer,,,,,
1108,Max Payne,Max Payne,Remedy Entertainment,Rockstar Games,25 July 2001,"['Action', 'Noir', 'Classic', 'Third-Person Shooter', 'Bullet Time', 'Story Rich']"
1109,VALORANT,,,,,
1110,FIFA 22,FIFA 22,EA Canada &amp; EA Romania,Electronic Arts,30 September 2021,"['Soccer', 'Sports', 'Multiplayer', 'Competitive', 'Simulation', 'Football']"
1111,Among the Sleep,,,,,
1112,Super Mario Bros.,,,,,
1113,Need for Speed Heat,Need for Speed™ Heat,Ghost Games,Electronic Arts,8 November 2019,"['Racing', 'Open World', 'Driving', 'Multiplayer', 'Action', 'Adventure']"
1114,Prezzemolo in una Giornata da Incubo,,,,,
1115,ev.io,,,,,
1116,Super Mario Maker 2,,,,,
1117,TETR.IO,,,,,
1118,Oddworld: Abe's Oddysee,Oddworld: Abe's Oddysee®,Oddworld Inhabitants,,12 December 1997,"['Adventure', 'Platformer', 'Classic', 'Puzzle', '2D', 'Singleplayer']"
1119,Unravel,Unravel,Coldwood Interactive,Electronic Arts,9 February 2016,"['Action', 'Adventure', 'Puzzle', 'Family Friendly', 'Atmospheric', 'Colorful']"
1120,Bad End Theater,,,,,
1121,Assassin's Creed II,Assassin’s Creed® III,Ubisoft Montreal,Ubisoft,,"['Adventure', 'Open World', 'Action', 'Assassin', 'Parkour', 'Stealth']"
1122,Game Dev Story,,,,,
1123,Super Mecha Champions,Super Mecha Champions,NetEase Games,,25 March 2021,"['Free to Play', 'Anime', 'Battle Royale', 'Mechs', 'Action', 'Third-Person Shooter']"
1124,The Cleaner,,,,,
1125,Eternal Return,Eternal Return,Nimble Neuron,"Kakao Games Europe B.V. (EU,NA,OCE)",14 October 2020,"['Free to Play', 'Anime', 'MOBA', 'Survival', 'Multiplayer', 'PvP']"
1126,What Remains of Edith Finch,,,,,
1127,Dead Space,Dead Space™ 2,Visceral Games,Electronic Arts,,"['Horror', 'Survival Horror', 'Third-Person Shooter', 'Shooter', 'Survival', 'Third Person']"
1128,Supraland,Supraland,Supra Games,,5 April 2019,"['Puzzle', 'Adventure', 'Exploration', 'First-Person', 'Metroidvania', 'Puzzle-Platformer']"
1129,The King of Fighters XV,THE KING OF FIGHTERS XV,SNK CORPORATION,,16 February 2022,"['Action', '2D Fighter', 'Fighting', 'PvP', 'Multiplayer', '3D']"
1130,ObsCure II,,,,,
1131,Magic: The Gathering,,,,,
1132,Pokémon Trading Card Game,,,,,
1133,Mighty Goose,,,,,
1134,Farming Simulator 22,Farming Simulator 22,Giants Software,,21 November 2021,"['Simulation', 'Co-op', 'Farming Sim', 'Agriculture', 'Moddable', 'Management']"
1135,Ghost Master,,,,,
1136,Persona 4 Arena Ultimax,Persona 4 Arena Ultimax,Arc System Works,SEGA,16 March 2022,"['Action', '2D Fighter', 'Anime', 'Story Rich', 'Fighting', 'Multiplayer']"
1137,Indivisible,Indivisible,Lab Zero Games,505 Games,8 October 2019,"['RPG', 'Indie', 'Action', 'Female Protagonist', 'Platformer', 'Anime']"
1138,The Wolf Among Us,The Wolf Among Us,Telltale,,11 October 2013,"['Adventure', 'Detective', 'Story Rich', 'Episodic', 'Point & Click', 'Noir']"
1139,Rise of Nations: Extended Edition,Rise of Nations: Extended Edition,SkyBox Labs,Xbox Game Studios,12 June 2014,"['Strategy', 'RTS', 'Classic', 'Multiplayer', 'Historical', 'Nostalgia']"
1140,Paper Mario: The Origami King,,,,,
1141,The Inheritance of Crimson Manor,,,,,
1142,Occult,,,,,
1143,Sign of Silence,Sign of Silence,Renderise,,1 October 2020,"['Horror', 'Co-op', 'Multiplayer', 'Atmospheric', 'Singleplayer', 'Action']"
