,twitch_name,steam_name,match_score,twitch_clean,steam_clean
0,Monster Hunter Generations Ultimate,,,monster hunter generations ultimate,
1,Alice: Madness Returns,Alice: Madness Returns,100,alice madness returns,
2,Hold Fast,,,hold fast,
3,Pok√©mon Trading Card Game Online,,,pokmon trading card game online,
4,Witch It,Witch It,100,witch it,
5,Dante's Inferno,,,dante's inferno,
6,The Stanley Parable: Ultra Deluxe,,,the stanley parable ultra deluxe,
7,The Long Drive,,,the long drive,
8,Cyber Hunter,Cyber Hunter,100,cyber hunter,
9,Rogue Lords,Rogue Lords,100,rogue lords,
10,Assassin's Creed IV: Black Flag,,,assassin's creed iv black flag,
11,INSIDE,INSIDE,100,inside,
12,DRAGON BALL Z DOKKAN BATTLE,,,dragon ball z dokkan battle,
13,V696,V696,100,v696,
14,Hades,,,hades,
15,Stranded Deep,Stranded Deep,100,stranded deep,
16,Legacy of Kain: Defiance,Legacy of Kain: Defiance,100,legacy of kain defiance,
17,Rounds,ROUNDS,100,rounds,rounds
18,Drawful 2,Drawful 2,100,drawful 2,
19,Sensible World of Soccer,,,sensible world of soccer,
20,Atomicrops,Atomicrops,100,atomicrops,
21,Slime Rancher,Slime Rancher,100,slime rancher,
22,Cafe Owner Simulator,,,cafe owner simulator,
23,Dodonpachi Resurrection,DoDonPachi Resurrection,100,dodonpachi resurrection,dodonpachi resurrection
24,Bingo,,,bingo,
25,Embr,Embr,100,embr,
26,Spyro the Dragon,,,spyro the dragon,
27,Final Fantasy VIII Remastered,,,final fantasy viii remastered,
28,Yomawari: Night Alone,Yomawari: Night Alone,100,yomawari night alone,
29,Hatoful Boyfriend,Hatoful Boyfriend,100,hatoful boyfriend,
30,Tomb Raider: Gold,,,tomb raider gold,
31,Scribble It!,,,scribble it,
32,Kingdom Hearts,,,kingdom hearts,
33,Dwarfenstein,,,dwarfenstein,
34,Gran Turismo Sport,,,gran turismo sport,
35,Liftoff,,,liftoff,
36,The Lost Vikings,,,the lost vikings,
37,Pupperazzi,Pupperazzi,100,pupperazzi,
38,League Challenge,,,league challenge,
39,Metal Mind,,,metal mind,
40,Dragon Quest XI S: Echoes of an Elusive Age - Definitive Edition,,,dragon quest xi s echoes of an elusive age  definitive edition,
41,Silent Hill: Homecoming,Silent Hill Homecoming,100,silent hill homecoming,silent hill homecoming
42,Destiny 2,,,destiny 2,
43,Words On Stream,,,words on stream,
44,Harry Potter and the Sorcerer's Stone,,,harry potter and the sorcerer's stone,
45,Five Nights at Freddy's,Five Nights at Freddy's,100,five nights at freddy's,
46,Eyes - The Horror Game,,,eyes  the horror game,
47,Pok√©mon Scarlet,,,pokmon scarlet,
48,Sherlock Holmes: Chapter One,Sherlock Holmes Chapter One,100,sherlock holmes chapter one,sherlock holmes chapter one
49,Planet Coaster,Planet Coaster,100,planet coaster,
50,The Forest,The Forest,100,the forest,
51,Salt and Sanctuary,Salt and Sanctuary,100,salt and sanctuary,
52,Endless Legend,ENDLESS‚Ñ¢ Legend,100,endless legend,endless legend
53,Heroes of the Storm,,,heroes of the storm,
54,Quiz It,,,quiz it,
55,Inscryption,Inscryption,100,inscryption,
56,Shin Megami Tensei V,,,shin megami tensei v,
57,Space Punks,,,space punks,
58,This War of Mine: Final Cut,,,this war of mine final cut,
59,Loop Hero,Loop Hero,100,loop hero,
60,The Amulet of AmunRuuUUUN,,,the amulet of amunruuuuun,
61,Elsword,Elsword,100,elsword,
62,Golf With Your Friends,,,golf with your friends,
63,Visage,Visage,100,visage,
64,Anno 1404: History Edition,,,anno 1404 history edition,
65,Salt and Sacrifice,,,salt and sacrifice,
66,Quiplash 2 InterLASHional,Quiplash 2 InterLASHional,100,quiplash 2 interlashional,
67,Valheim,,,valheim,
68,My Friend Peppa Pig,My Friend Peppa Pig,100,my friend peppa pig,
69,Batman: Arkham Asylum,,,batman arkham asylum,
70,Marauders,,,marauders,
71,Hollow Knight,Hollow Knight,100,hollow knight,
72,Epic Fantasy Battle Simulator,Epic Fantasy Battle Simulator,100,epic fantasy battle simulator,
73,World War 3,,,world war 3,
74,Metal Gear Solid V: Ground Zeroes,,,metal gear solid v ground zeroes,
75,Call of Duty: Black Ops Zombies,,,call of duty black ops zombies,
76,Super Mario Odyssey,,,super mario odyssey,
77,Escape from Tarkov,,,escape from tarkov,
78,Truck Simulator 2,,,truck simulator 2,
79,Call of Duty: Black Ops Cold War,,,call of duty black ops cold war,
80,Fitness & Health,,,fitness  health,
81,Sisters Royale: Five Sisters Under Fire,Sisters Royale: Five Sisters Under Fire,100,sisters royale five sisters under fire,
82,BioShock Remastered,,,bioshock remastered,
83,Sword of Legendia,,,sword of legendia,
84,Harvest Days: My Dream Farm,,,harvest days my dream farm,
85,Escape Room: The Sick Colleague,,,escape room the sick colleague,
86,VRChat,,,vrchat,
87,Turnip Boy Commits Tax Evasion,Turnip Boy Commits Tax Evasion,100,turnip boy commits tax evasion,
88,Arma 3,,,arma 3,
89,Amnesia: Rebirth,Amnesia: Rebirth,100,amnesia rebirth,
90,Echoes of Mana,,,echoes of mana,
91,Timberborn,,,timberborn,
92,Apex Legends Mobile,,,apex legends mobile,
93,Life is Strange Remastered,,,life is strange remastered,
94,Alan Wake Remastered,,,alan wake remastered,
95,Metal Gear Solid 3: Snake Eater,,,metal gear solid 3 snake eater,
96,Clone Hero,,,clone hero,
97,SoulWorker,,,soulworker,
98,Duel Masters,,,duel masters,
99,What The Dub?!,What The Dub?!,100,what the dub,
100,FIFA 18,,,fifa 18,
101,Wario Land: Super Mario Land 3,,,wario land super mario land 3,
102,Stoneshard,Stoneshard,100,stoneshard,
103,Tourist Bus Simulator,,,tourist bus simulator,
104,Resident Evil 3,Resident Evil 3,100,resident evil 3,
105,Tell Me Why,Tell Me Why,100,tell me why,
106,Gravity Rush Remastered,,,gravity rush remastered,
107,Age of Empires IV,,,age of empires iv,
108,Bloodborne,,,bloodborne,
109,Metal Slug,METAL SLUG,100,metal slug,metal slug
110,Blankos Block Party,,,blankos block party,
111,Destroy All Humans!,Destroy All Humans!,100,destroy all humans,
112,Minecraft Dungeons,,,minecraft dungeons,
113,Aero Fighters 2,,,aero fighters 2,
114,Going Medieval,Going Medieval,100,going medieval,
115,Warframe,Warframe,100,warframe,
116,STASIS,STASIS,100,stasis,
117,Night Book,,,night book,
118,Satisfactory,,,satisfactory,
119,Counter-Strike: Global Offensive,Counter-Strike: Global Offensive,100,counterstrike global offensive,
120,Curse of the Dead Gods,Curse of the Dead Gods,100,curse of the dead gods,
121,F1 2021,,,f1 2021,
122,Red Dead Redemption 2,,,red dead redemption 2,
123,Expedition Zero,Expedition Zero,100,expedition zero,
124,Thea 2: The Shattering,Thea 2: The Shattering,100,thea 2 the shattering,
125,Outer Wilds,Outer Wilds,100,outer wilds,
126,Ring Fit Adventure,,,ring fit adventure,
127,Project Nightmares Case 36: Henrietta Kedward,Project Nightmares Case 36: Henrietta Kedward,100,project nightmares case 36 henrietta kedward,
128,Solasta: Crown of the Magister,,,solasta crown of the magister,
129,Special Events,,,special events,
130,Fallout: New Vegas,Fallout: New Vegas,100,fallout new vegas,
131,Gas Station Simulator,,,gas station simulator,
132,Colony Survival,,,colony survival,
133,Resident Evil 3: Nemesis,,,resident evil 3 nemesis,
134,rFactor 2,rFactor 2,100,rfactor 2,
135,Poppy Playtime,Poppy Playtime,100,poppy playtime,
136,Yu-Gi-Oh! Master Duel,,,yugioh master duel,
137,Source of Madness,Source of Madness,100,source of madness,
138,NBA 2K22,NBA 2K22,100,nba 2k22,
139,Heroes of Newerth,,,heroes of newerth,
140,Anime Music Quiz,,,anime music quiz,
141,Call of Duty: Black Ops II,Call of Duty¬Æ: Black Ops II,100,call of duty black ops ii,call of duty black ops ii
142,Tabletop RPGs,,,tabletop rpgs,
143,Best Month Ever!,,,best month ever,
144,Final Fantasy XII: The Zodiac Age,FINAL FANTASY XII THE ZODIAC AGE,100,final fantasy xii the zodiac age,final fantasy xii the zodiac age
145,Five Nights at Freddy's: Security Breach,,,five nights at freddy's security breach,
146,Eiyuden Chronicle: Rising,,,eiyuden chronicle rising,
147,Lost in Random,Lost in Random‚Ñ¢,100,lost in random,lost in random
148,Dungeons & Dragons,,,dungeons  dragons,
149,Fishing Vacation,,,fishing vacation,
150,Later Alligator,Later Alligator,100,later alligator,
151,Kena: Bridge of Spirits,,,kena bridge of spirits,
152,Pok√©mon Emerald,,,pokmon emerald,
153,Board Game Online,,,board game online,
154,The Gunk,,,the gunk,
155,BlazBlue: Central Fiction,,,blazblue central fiction,
156,Paladins,Paladins¬Æ,100,paladins,paladins
157,Infernax,,,infernax,
158,Prey,Prey,100,prey,
159,Kenshi,Kenshi,100,kenshi,
160,Tomb Raider,Tomb Raider,100,tomb raider,
161,Mario Kart Wii,,,mario kart wii,
162,BloodRayne 2: Terminal Cut,BloodRayne 2: Terminal Cut,100,bloodrayne 2 terminal cut,
163,Mom Hid My Game!,,,mom hid my game,
164,SMITE,SMITE¬Æ,100,smite,smite
165,Monster Hunter Stories,,,monster hunter stories,
166,Fable Anniversary,Fable Anniversary,100,fable anniversary,
167,Metal Gear Solid 4: Guns of the Patriots,,,metal gear solid 4 guns of the patriots,
168,Mario Kart 8 Deluxe,,,mario kart 8 deluxe,
169,Cotton Fantasy,,,cotton fantasy,
170,Resident Evil 6,Resident Evil 6,100,resident evil 6,
171,Armello,Armello,100,armello,
172,Call of Duty: Modern Warfare 2,Call of Duty¬Æ: Modern Warfare¬Æ 2,100,call of duty modern warfare 2,call of duty modern warfare 2
173,Twitch,,,twitch,
174,60 Seconds!,60 Seconds!,100,60 seconds,
175,Metal Slug 2,METAL SLUG 2,100,metal slug 2,metal slug 2
176,Electronica,,,electronica,
177,Dragon Age: Origins,Dragon Age: Origins,100,dragon age origins,
178,Circuit Superstars,,,circuit superstars,
179,SimCity,,,simcity,
180,Pok√©mon Omega Ruby/Alpha Sapphire,,,pokmon omega rubyalpha sapphire,
181,Chaos on Deponia,Chaos on Deponia,100,chaos on deponia,
182,Tricky Towers,Tricky Towers,100,tricky towers,
183,WWE SLAM: Card Trader,,,wwe slam card trader,
184,Godlike Burger,,,godlike burger,
185,Saint Seiya Awakening : KOTZ,,,saint seiya awakening  kotz,
186,Call of Duty: Warzone,,,call of duty warzone,
187,Bakery Simulator,Bakery Simulator,100,bakery simulator,
188,Zwei: The Ilvard Insurrection,Zwei: The Ilvard Insurrection,100,zwei the ilvard insurrection,
189,Rustler,,,rustler,
190,Teamfight Tactics,,,teamfight tactics,
191,The Mortuary Assistant,,,the mortuary assistant,
192,Dragon's Dogma,,,dragon's dogma,
193,Courage the Cowardly Dog: Hell Bound Hound,,,courage the cowardly dog hell bound hound,
194,Hitman: Blood Money HD,,,hitman blood money hd,
195,Crypto,,,crypto,
196,Dragon Ball Z,,,dragon ball z,
197,She Sees Red,,,she sees red,
198,Tekken 7,,,tekken 7,
199,Tom Clancy's The Division 2,,,tom clancy's the division 2,
200,Lost Ark,,,lost ark,
201,S4 League,,,s4 league,
202,The Elder Scrolls V: Skyrim Special Edition,The Elder Scrolls V: Skyrim Special Edition,100,the elder scrolls v skyrim special edition,
203,Kahoot!,,,kahoot,
204,Friday the 13th,,,friday the 13th,
205,"Haiku, the Robot","Haiku, the Robot",100,haiku the robot,
206,Batman: Arkham City,Batman: Arkham City,100,batman arkham city,
207,The Secret of Monkey Island,,,the secret of monkey island,
208,Rakuen,Rakuen,100,rakuen,
209,Lydia,Lydia,100,lydia,
210,Call of Duty: Mobile,,,call of duty mobile,
211,Mortal Shell,Mortal Shell,100,mortal shell,
212,Stream Pairs,,,stream pairs,
213,Dragon Ball Legends,,,dragon ball legends,
214,The X-Files,,,the xfiles,
215,Makers & Crafting,,,makers  crafting,
216,Drawize,,,drawize,
217,Last Farewell,,,last farewell,
218,Splatoon 2,,,splatoon 2,
219,Vampire: The Masquerade - Bloodhunt,,,vampire the masquerade  bloodhunt,
220,Model Builder,,,model builder,
221,Clash of Clans,,,clash of clans,
222,Tekken,,,tekken,
223,Sakura Succubus 4,Sakura Succubus 4,100,sakura succubus 4,
224,Inazuma Eleven GO Strikers 2013,,,inazuma eleven go strikers 2013,
225,iRacing,iRacing,100,iracing,
226,Demon's Souls,,,demon's souls,
227,Stick Fight: The Game,Stick Fight: The Game,100,stick fight the game,
228,Street Fighter II,,,street fighter ii,
229,Choice Chamber,Choice Chamber,100,choice chamber,
230,Stumble Guys,,,stumble guys,
231,Sonic the Hedgehog,Sonic The Hedgehog,100,sonic the hedgehog,sonic the hedgehog
232,Scribblenauts Unlimited,Scribblenauts Unlimited,100,scribblenauts unlimited,
233,skribbl.io,,,skribblio,
234,Jak and Daxter: The Precursor Legacy,,,jak and daxter the precursor legacy,
235,Superliminal,Superliminal,100,superliminal,
236,Divinity: Original Sin II,,,divinity original sin ii,
237,Overwatch,,,overwatch,
238,Super Dragon Ball Heroes: World Mission,SUPER DRAGON BALL HEROES WORLD MISSION,100,super dragon ball heroes world mission,super dragon ball heroes world mission
239,Firefighting Simulator,,,firefighting simulator,
240,Gartic Show,,,gartic show,
241,Spyro the Dragon: Reignited Trilogy,,,spyro the dragon reignited trilogy,
242,Fishing Sim World: Pro Tour,Fishing Sim World¬Æ: Pro Tour,100,fishing sim world pro tour,fishing sim world pro tour
243,Aim Lab,,,aim lab,
244,Water Polo,,,water polo,
245,Devil May Cry 3: Dante's Awakening ‚Äì Special Edition,,,devil may cry 3 dante's awakening  special edition,
246,Warpath: Jurassic Park,,,warpath jurassic park,
247,City Guesser,,,city guesser,
248,Tiny Toon Adventures,,,tiny toon adventures,
249,Smash Karts,,,smash karts,
250,Pocket Monsters Diamond & Pearl: Pok√©mon wo Sagase! Meiro de Daib≈çken!,,,pocket monsters diamond  pearl pokmon wo sagase meiro de daibken,
251,Total War: Warhammer III,,,total war warhammer iii,
252,SpongeBob SquarePants: Battle for Bikini Bottom - Rehydrated,SpongeBob SquarePants: Battle for Bikini Bottom - Rehydrated,100,spongebob squarepants battle for bikini bottom  rehydrated,
253,Super Seducer 2,,,super seducer 2,
254,FIFA 21,,,fifa 21,
255,Watch Parties,,,watch parties,
256,Hearts of Iron IV,Hearts of Iron IV,100,hearts of iron iv,
257,Ghosts 'n Goblins,,,ghosts 'n goblins,
258,Final Fantasy XIII-2,FINAL FANTASY¬Æ XIII-2,100,final fantasy xiii2,final fantasy xiii2
259,Slots,,,slots,
260,Gladiator Guild Manager,Gladiator Guild Manager,100,gladiator guild manager,
261,Uncharted: Drake's Fortune,,,uncharted drake's fortune,
262,GeoGuess,,,geoguess,
263,Mortal Kombat X,Mortal Kombat X,100,mortal kombat x,
264,Outland,Outland,100,outland,
265,Hearthstone,,,hearthstone,
266,Naraka: Bladepoint,,,naraka bladepoint,
267,ObsCure,Obscure,100,obscure,obscure
268,Far Cry 6,,,far cry 6,
269,Crash Team Racing Nitro-Fueled,,,crash team racing nitrofueled,
270,Tormented Souls,Tormented Souls,100,tormented souls,
271,Crash Bandicoot 2: Cortex Strikes Back,,,crash bandicoot 2 cortex strikes back,
272,Viewergames Arcade,Viewergames Arcade,100,viewergames arcade,
273,My Time at Portia,My Time At Portia,100,my time at portia,my time at portia
274,Ori and the Will of the Wisps,Ori and the Will of the Wisps,100,ori and the will of the wisps,
275,Xenogears,,,xenogears,
276,I am Bread,I Am Bread,100,i am bread,i am bread
277,Deep Rock Galactic,,,deep rock galactic,
278,Layers of Fear,Layers of Fear,100,layers of fear,
279,The King of Fighters All-Star,,,the king of fighters allstar,
280,Football Manager 2022,,,football manager 2022,
281,Maid of Sker,Maid of Sker,100,maid of sker,
282,Vampyr,Vampyr,100,vampyr,
283,Digimon World 3,,,digimon world 3,
284,Party Hard 2,Party Hard 2,100,party hard 2,
285,Rise of Kingdoms,,,rise of kingdoms,
286,American McGee's Alice,,,american mcgee's alice,
287,Animal Shelter Simulator,,,animal shelter simulator,
288,Poker Online - Texas Holdem,,,poker online  texas holdem,
289,Kerbal Space Program,Kerbal Space Program,100,kerbal space program,
290,Metal Gear Solid 2: Sons of Liberty,,,metal gear solid 2 sons of liberty,
291,Hyper Light Drifter,Hyper Light Drifter,100,hyper light drifter,
292,Horizon Zero Dawn,,,horizon zero dawn,
293,Just Chatting,Just Chatting,100,just chatting,
294,Cyberpunk 2077,Cyberpunk 2077,100,cyberpunk 2077,
295,Fishing Star: World Tour,,,fishing star world tour,
296,Final Fantasy XIV Online,FINAL FANTASY XIV Online,100,final fantasy xiv online,final fantasy xiv online
297,Brigandine: The Legend of Runersia,,,brigandine the legend of runersia,
298,Jak II,,,jak ii,
299,Tr√ºberbrook,,,trberbrook,
300,Star Citizen,,,star citizen,
301,League of Legends: Wild Rift,,,league of legends wild rift,
302,FANTASIAN,,,fantasian,
303,Resident Evil Outbreak File #2,,,resident evil outbreak file 2,
304,Clash Mini,,,clash mini,
305,Jump King,Jump King,100,jump king,
306,Evil Dead: The Game,,,evil dead the game,
307,Golf Club: Wasteland,Golf Club Wasteland,100,golf club wasteland,golf club wasteland
308,Summoners War: Sky Arena,,,summoners war sky arena,
309,Need for Speed Most Wanted U,,,need for speed most wanted u,
310,Brothers: A Tale of Two Sons,,,brothers a tale of two sons,
311,Tower of Fantasy,,,tower of fantasy,
312,Cooking Simulator,,,cooking simulator,
313,Space Hulk: Deathwing - Enhanced Edition,,,space hulk deathwing  enhanced edition,
314,Role Player: Full Immersion,Role Player: Full Immersion,100,role player full immersion,
315,Shadow Hearts,,,shadow hearts,
316,Grand Theft Auto: Liberty City Stories,,,grand theft auto liberty city stories,
317,Outlast II,,,outlast ii,
318,Naruto to Boruto: Shinobi Striker,,,naruto to boruto shinobi striker,
319,Castlevania: Symphony of the Night,,,castlevania symphony of the night,
320,Ultima Online,,,ultima online,
321,Ikai,Ikai,100,ikai,
322,White Night,White Night,100,white night,
323,Outward,Outward,100,outward,
324,Ratchet & Clank: Rift Apart,,,ratchet  clank rift apart,
325,STG Shmups,,,stg shmups,
326,Winter Ember,,,winter ember,
327,Dead Space 2,Dead Space‚Ñ¢ 2,100,dead space 2,dead space 2
328,Dota 2,,,dota 2,
329,HELLSEED,,,hellseed,
330,Rivals of Aether,,,rivals of aether,
331,Nioh,,,nioh,
332,eFootball 2022,,,efootball 2022,
333,Quiz Kit,,,quiz kit,
334,No Man's Sky,,,no man's sky,
335,Blair Witch,Blair Witch,100,blair witch,
336,Thief,Thief,100,thief,
337,Call of Duty,Call of Duty¬Æ,100,call of duty,call of duty
338,Jurassic World Evolution 2,,,jurassic world evolution 2,
339,Pok√©mon Red,,,pokmon red,
340,FIFA 20,,,fifa 20,
341,A Girls Fabric Face,A Girls Fabric Face,100,a girls fabric face,
342,Lost Judgment,,,lost judgment,
343,Forewarned,FOREWARNED,100,forewarned,forewarned
344,The Hex,The Hex,100,the hex,
345,Uncharted 4: A Thief's End - Remastered,,,uncharted 4 a thief's end  remastered,
346,Hanako | Ëä±Â≠ê„Åï„Çì,Hanako | Ëä±Â≠ê„Åï„Çì,100,hanako,
347,Beauty & Body Art,,,beauty  body art,
348,Operation: Tango,Operation: Tango,100,operation tango,
349,Hitchhiker,Hitchhiker,100,hitchhiker,
350,Project Zomboid,Project Zomboid,100,project zomboid,
351,Among Us,,,among us,
352,Darkwood,Darkwood,100,darkwood,
353,Five Nights at Freddy's 4,Five Nights at Freddy's 4,100,five nights at freddy's 4,
354,Rogue Company,,,rogue company,
355,Half-Life,Half-Life,100,halflife,
356,Euro Truck Simulator 2,,,euro truck simulator 2,
357,Chess,Chess,100,chess,
358,Tribes of Midgard,,,tribes of midgard,
359,Peggle 2,,,peggle 2,
360,WWE 2K20,WWE 2K20,100,wwe 2k20,
361,World of Warcraft,,,world of warcraft,
362,WWE 2K22,,,wwe 2k22,
363,2Dark,2Dark,100,2dark,
364,Arknights,,,arknights,
365,Super Seducer,,,super seducer,
366,SpeedRunners,SpeedRunners,100,speedrunners,
367,Fishing Sim World: Bass Pro Shops Edition,Fishing Sim World: Bass Pro Shops Edition,100,fishing sim world bass pro shops edition,
368,Agatha Christie: And Then There Were None,,,agatha christie and then there were none,
369,At Dead Of Night,,,at dead of night,
370,Samurai Bringer,,,samurai bringer,
371,Resident Evil 5,Resident Evil 5,100,resident evil 5,
372,One Piece: Treasure Cruise,,,one piece treasure cruise,
373,Thief Gold,Thief‚Ñ¢ Gold,100,thief gold,thief gold
374,Guild Wars 2,,,guild wars 2,
375,Tom Clancy's Rainbow Six Extraction,,,tom clancy's rainbow six extraction,
376,The Serpent Rogue,,,the serpent rogue,
377,WARNO,WARNO,100,warno,
378,Is Simon There?,,,is simon there,
379,Honkai Impact 3rd,Honkai Impact 3rd,100,honkai impact 3rd,
380,Card Shark,,,card shark,
381,The Curse of Monkey Island,The Curse of Monkey Island,100,the curse of monkey island,
382,The Evil Within,The Evil Within,100,the evil within,
383,Nitroplus Blasterz: Heroines Infinite Duel,Nitroplus Blasterz: Heroines Infinite Duel,100,nitroplus blasterz heroines infinite duel,
384,SMASH LEGENDS,,,smash legends,
385,Ultimate Chicken Horse,Ultimate Chicken Horse,100,ultimate chicken horse,
386,Surgeon Simulator 2,,,surgeon simulator 2,
387,ASMR,,,asmr,
388,Terraria,,,terraria,
389,WWE SmackDown vs. Raw 2009,,,wwe smackdown vs raw 2009,
390,Farming Simulator 19,Farming Simulator 19,100,farming simulator 19,
391,Tiny Room Stories: Town Mystery,Tiny Room Stories: Town Mystery,100,tiny room stories town mystery,
392,GRIME,GRIME,100,grime,
393,Tom Clancy's Ghost Recon: Wildlands,Tom Clancy's Ghost Recon¬Æ Wildlands,100,tom clancy's ghost recon wildlands,tom clancy's ghost recon wildlands
394,WWE 2K Battlegrounds,WWE 2K BATTLEGROUNDS,100,wwe 2k battlegrounds,wwe 2k battlegrounds
395,Marbles On Stream,Marbles on Stream,100,marbles on stream,marbles on stream
396,Knockout City,,,knockout city,
397,Phoenix Wright: Ace Attorney,,,phoenix wright ace attorney,
398,Condemned 2: Bloodshot,,,condemned 2 bloodshot,
399,Satan's puzzle 666,Satan's puzzle 666,100,satan's puzzle 666,
400,Assetto Corsa Competizione,,,assetto corsa competizione,
401,Two Point Hospital,Two Point Hospital,100,two point hospital,
402,Music,,,music,
403,Dead Cells,,,dead cells,
404,The Legend of Heroes: Kuro no Kiseki,,,the legend of heroes kuro no kiseki,
405,Business Tour,,,business tour,
406,Death Damnation,,,death damnation,
407,Street Fighter V,Street Fighter V,100,street fighter v,
408,Rain,,,rain,
409,Raid: Shadow Legends,,,raid shadow legends,
410,Jump Force,,,jump force,
411,UNO,UNO,100,uno,
412,Bloons TD 6,,,bloons td 6,
413,Monkey Island 2 Special Edition: LeChuck's Revenge,,,monkey island 2 special edition lechuck's revenge,
414,Green Hell,Green Hell,100,green hell,
415,GRID Legends,,,grid legends,
416,King Arthur: Knight's Tale,,,king arthur knight's tale,
417,Ripper,,,ripper,
418,Poppy's Nightmare,Poppy's Nightmare,100,poppy's nightmare,
419,Puyo Puyo Tetris,,,puyo puyo tetris,
420,Games + Demos,,,games  demos,
421,Blood and Bacon,Blood and Bacon,100,blood and bacon,
422,Zombie Army 4: Dead War,,,zombie army 4 dead war,
423,The Door in the Basement,The Door in the Basement,100,the door in the basement,
424,Astroneer,,,astroneer,
425,Total War: Warhammer II,,,total war warhammer ii,
426,Tattoo Mania,,,tattoo mania,
427,Dragon Ball Z: Budokai Tenkaichi 3,,,dragon ball z budokai tenkaichi 3,
428,Brawlhalla,,,brawlhalla,
429,Young Souls,Young Souls,100,young souls,
430,Spore,SPORE‚Ñ¢,100,spore,spore
431,Spiritfarer,,,spiritfarer,
432,Monster Hunter Stories 2: Wings of Ruin,Monster Hunter Stories 2: Wings of Ruin,100,monster hunter stories 2 wings of ruin,
433,Underture,Underture,100,underture,
434,Clash Royale,,,clash royale,
435,The Legend of Zelda: The Minish Cap,,,the legend of zelda the minish cap,
436,Song of Horror,,,song of horror,
437,Killing Floor 2,Killing Floor 2,100,killing floor 2,
438,Tails of Iron,Tails of Iron,100,tails of iron,
439,My Child: Lebensborn,My Child Lebensborn,100,my child lebensborn,my child lebensborn
440,Football Cup 2022,,,football cup 2022,
441,Pathfinder,,,pathfinder,
442,Xenoblade Chronicles: Definitive Edition,,,xenoblade chronicles definitive edition,
443,Coffee Talk,,,coffee talk,
444,Wii Sports Resort,,,wii sports resort,
445,Forza Horizon 5,,,forza horizon 5,
446,Before The Last Hour,,,before the last hour,
447,Banned Memories: Yamanashi,,,banned memories yamanashi,
448,Gartic,,,gartic,
449,Crash Bandicoot: The Wrath of Cortex,,,crash bandicoot the wrath of cortex,
450,Elite: Dangerous,Elite Dangerous,100,elite dangerous,elite dangerous
451,They Speak From the Abyss,,,they speak from the abyss,
452,Microsoft Flight Simulator,,,microsoft flight simulator,
453,Ark: Survival Evolved,,,ark survival evolved,
454,Metroid: Zero Mission,,,metroid zero mission,
455,"Pools, Hot Tubs, and Beaches",,,pools hot tubs and beaches,
456,It Takes Two,It Takes Two,100,it takes two,
457,SinsFromGod 2,,,sinsfromgod 2,
458,Strange Horticulture,Strange Horticulture,100,strange horticulture,
459,Left 4 Dead,Left 4 Dead,100,left 4 dead,
460,Horror Story,,,horror story,
461,Kingdom Hearts HD 1.5 + 2.5 ReMIX,,,kingdom hearts hd 15  25 remix,
462,"Warhammer 40,000: Space Marine",,,warhammer 40000 space marine,
463,Grand Theft Auto: Vice City,,,grand theft auto vice city,
464,Super Contra,,,super contra,
465,We Were Here,We Were Here,100,we were here,
466,Werewolf: The Apocalypse - Earthblood,Werewolf: The Apocalypse - Earthblood,100,werewolf the apocalypse  earthblood,
467,Beat Saber,,,beat saber,
468,Home Sweet Home: Survive,,,home sweet home survive,
469,Pok√©mon Brilliant Diamond/Shining Pearl,,,pokmon brilliant diamondshining pearl,
470,The Ghost Train,The Ghost Train | ÂπΩÈúäÂàóËªä,100,the ghost train,the ghost train
471,Rust,,,rust,
472,A Way Out,A Way Out,100,a way out,
473,V Rising,,,v rising,
474,Escape From School,,,escape from school,
475,Lumencraft,,,lumencraft,
476,Don't Be Afraid,Don't Be Afraid,100,don't be afraid,
477,Borderlands: The Pre-Sequel,,,borderlands the presequel,
478,Tales of Zestiria,Tales of Zestiria,100,tales of zestiria,
479,Fire Pro Wrestling World,Fire Pro Wrestling World,100,fire pro wrestling world,
480,Crimesight,,,crimesight,
481,Ludomania,,,ludomania,
482,F1¬Æ 2021,,,f1 2021,
483,Aztech Forgotten Gods,Aztech Forgotten Gods,100,aztech forgotten gods,
484,Crash Bandicoot 4: It's About Time,,,crash bandicoot 4 it's about time,
485,It's Quiz Time,It's Quiz Time,100,it's quiz time,
486,Bendy and the Ink Machine,Bendy and the Ink Machine,100,bendy and the ink machine,
487,Yu-Gi-Oh! TRADING CARD GAME,,,yugioh trading card game,
488,Beyond: Two Souls,Beyond: Two Souls,100,beyond two souls,
489,No More Heroes III,,,no more heroes iii,
490,Tiny Tina's Wonderlands,,,tiny tina's wonderlands,
491,Taiko no Tatsujin: The Drum Master!,,,taiko no tatsujin the drum master,
492,League of Legends,,,league of legends,
493,Super Mario Land,,,super mario land,
494,Resident Evil Village,,,resident evil village,
495,The Legend of Zelda: Breath of the Wild,,,the legend of zelda breath of the wild,
496,Minit,Minit,100,minit,
497,XCOM 2,,,xcom 2,
498,Pok√©mon FireRed/LeafGreen,,,pokmon fireredleafgreen,
499,The Room,The Room,100,the room,
500,Getting Over It,,,getting over it,
501,Legacy of Kain: Soul Reaver 2,Legacy of Kain: Soul Reaver 2,100,legacy of kain soul reaver 2,
502,Devil May Cry,,,devil may cry,
503,Blasphemous,Blasphemous,100,blasphemous,
504,Uncharted 4: A Thief's End,,,uncharted 4 a thief's end,
505,DayZ,,,dayz,
506,DEVOUR,,,devour,
507,Mythic Heroes,,,mythic heroes,
508,The World Ends with You,,,the world ends with you,
509,I'm on Observation Duty 5,,,i'm on observation duty 5,
510,Dissidia Final Fantasy Opera Omnia,,,dissidia final fantasy opera omnia,
511,FIFA 99,,,fifa 99,
512,The Witcher,,,the witcher,
513,Warface,,,warface,
514,Agar.io,,,agario,
515,Harry Potter and the Goblet of Fire,,,harry potter and the goblet of fire,
516,The Night of the Scissors,,,the night of the scissors,
517,DOOM 3,DOOM 3,100,doom 3,
518,Escape Simulator,,,escape simulator,
519,Resident Evil,Resident Evil,100,resident evil,
520,Serious Sam 4,Serious Sam 4,100,serious sam 4,
521,Call of Duty: Vanguard,,,call of duty vanguard,
522,Ready or Not,,,ready or not,
523,AI Battle Royale Generator,AI Battle Royale Generator,100,ai battle royale generator,
524,FIFA 15,,,fifa 15,
525,Heavy Rain,Heavy Rain,100,heavy rain,
526,Midnight Ghost Hunt,,,midnight ghost hunt,
527,Still Life,Still Life,100,still life,
528,Observation,Observation,100,observation,
529,Final Fantasy X,,,final fantasy x,
530,Bingo On Stream,,,bingo on stream,
531,Hood: Outlaws & Legends,,,hood outlaws  legends,
532,Professor Layton and the Curious Village,,,professor layton and the curious village,
533,Gamer Shop Simulator,Gamer Shop Simulator,100,gamer shop simulator,
534,Casino Slot Machine,,,casino slot machine,
535,Crosswords,,,crosswords,
536,Evil Tonight,,,evil tonight,
537,Crash Team Racing,,,crash team racing,
538,Software and Game Development,,,software and game development,
539,Dragon's Dogma: Dark Arisen,Dragon's Dogma: Dark Arisen,100,dragon's dogma dark arisen,
540,Crossfire X,,,crossfire x,
541,Brawl Stars,,,brawl stars,
542,Battlefield V,Battlefield V,100,battlefield v,
543,Minecraft,,,minecraft,
544,Contagion,Contagion,100,contagion,
545,Gwent: The Witcher Card Game,,,gwent the witcher card game,
546,Bugs Bunny & Taz: Time Busters,,,bugs bunny  taz time busters,
547,Codenames,,,codenames,
548,Talk Shows & Podcasts,,,talk shows  podcasts,
549,Sea of Thieves,,,sea of thieves,
550,Hylics,Hylics,100,hylics,
551,Echo Arena,,,echo arena,
552,Assetto Corsa,Assetto Corsa,100,assetto corsa,
553,Perseverance: Part 2,Perseverance: Part 2,100,perseverance part 2,
554,Devil May Cry 5,Devil May Cry 5,100,devil may cry 5,
555,Fallout Shelter,Fallout Shelter,100,fallout shelter,
556,Hotline Miami,Hotline Miami,100,hotline miami,
557,Back 4 Blood,,,back 4 blood,
558,Gran Turismo,,,gran turismo,
559,Chernobylite,,,chernobylite,
560,The Last of Us,,,the last of us,
561,Power Drill Massacre,,,power drill massacre,
562,Guns Up!,GUNS UP!,100,guns up,guns up
563,Haxball,,,haxball,
564,The Legend of Zelda: A Link to the Past,,,the legend of zelda a link to the past,
565,Escape the Ayuwoki,Escape the Ayuwoki,100,escape the ayuwoki,
566,Forlorn,,,forlorn,
567,Gartic Phone,,,gartic phone,
568,Parasite Eve II,,,parasite eve ii,
569,Alien,,,alien,
570,Reminiscence,Reminiscence,100,reminiscence,
571,Gods Unchained,,,gods unchained,
572,Grand Theft Auto: San Andreas,,,grand theft auto san andreas,
573,Mini Motorways,,,mini motorways,
574,Tekken 5,,,tekken 5,
575,Bee Simulator,,,bee simulator,
576,LOLBeans.io,,,lolbeansio,
577,Crusader Kings III,,,crusader kings iii,
578,Raft,Raft,100,raft,
579,Lunch Lady,Lunch Lady,100,lunch lady,
580,Just Die Already,Just Die Already,100,just die already,
581,Gears of War 2,,,gears of war 2,
582,The Lost Vikings 2,,,the lost vikings 2,
583,Dragon Ball: Xenoverse 2,DRAGON BALL XENOVERSE 2,100,dragon ball xenoverse 2,dragon ball xenoverse 2
584,Ghost Exile,,,ghost exile,
585,Hokko Life,,,hokko life,
586,Call of Cthulhu,Call of Cthulhu¬Æ,100,call of cthulhu,call of cthulhu
587,Sonic.EXE,,,sonicexe,
588,Dark Souls,,,dark souls,
589,Crash Bandicoot: Warped,,,crash bandicoot warped,
590,Kaiju Wars,,,kaiju wars,
591,Blaston,,,blaston,
592,Nun Massacre,,,nun massacre,
593,Dead by Daylight,,,dead by daylight,
594,Br√ºtal Legend,,,brtal legend,
595,Doki Doki Literature Club!,Doki Doki Literature Club!,100,doki doki literature club,
596,SOMA,SOMA,100,soma,
597,Cuphead,Cuphead,100,cuphead,
598,Suspects: Mystery Mansion,Suspects: Mystery Mansion,100,suspects mystery mansion,
599,Spellbreaker,,,spellbreaker,
600,Shattered: Tale of the Forgotten King,,,shattered tale of the forgotten king,
601,Returnal,,,returnal,
602,Life is Strange: True Colors,,,life is strange true colors,
603,"Warhammer 40,000: Chaos Gate - Daemonhunters",,,warhammer 40000 chaos gate  daemonhunters,
604,Pok√©mon Black Version 2,,,pokmon black version 2,
605,Mario & Luigi: Bowser's Inside Story + Bowser Jr.'s Journey,,,mario  luigi bowser's inside story  bowser jr's journey,
606,Human: Fall Flat,,,human fall flat,
607,Pok√©mon Black/White Version 2,,,pokmon blackwhite version 2,
608,Just Ignore Them: Brea's Story Tape 1,,,just ignore them brea's story tape 1,
609,Resident Evil 2,,,resident evil 2,
610,RaceRoom Racing Experience,,,raceroom racing experience,
611,BeamNG.drive,,,beamngdrive,
612,Uncharted 2: Among Thieves,,,uncharted 2 among thieves,
613,Realm Royale,Realm Royale,100,realm royale,
614,Olympic Games Tokyo 2020: The Official Video Game,,,olympic games tokyo 2020 the official video game,
615,Tom Clancy's Rainbow Six Siege,Tom Clancy's Rainbow Six¬Æ Siege,100,tom clancy's rainbow six siege,tom clancy's rainbow six siege
616,Dissidia Final Fantasy NT,,,dissidia final fantasy nt,
617,Battlefleet Gothic: Armada 2,Battlefleet Gothic: Armada 2,100,battlefleet gothic armada 2,
618,Commandos 2 HD Remaster,,,commandos 2 hd remaster,
619,Undertale,Undertale,100,undertale,
620,Uncharted 2: Among Thieves Remastered,,,uncharted 2 among thieves remastered,
621,Mists of Aiden,Mists of Aiden,100,mists of aiden,
622,Death in the Family,Death in the Family,100,death in the family,
623,Mirror Layers,Mirror Layers,100,mirror layers,
624,Sports,,,sports,
625,Loot River,,,loot river,
626,Kingdom Come: Deliverance,Kingdom Come: Deliverance,100,kingdom come deliverance,
627,War Thunder,,,war thunder,
628,Banana Shooter,,,banana shooter,
629,Nippon Marathon,Nippon Marathon,100,nippon marathon,
630,The Sims 3,The Sims‚Ñ¢ 3,100,the sims 3,the sims 3
631,Thymesia,,,thymesia,
632,Ninjala,,,ninjala,
633,Subway Surfers,,,subway surfers,
634,Kingdom Hearts Melody of Memory,,,kingdom hearts melody of memory,
635,GeoGuessr,,,geoguessr,
636,Age of Empires II,,,age of empires ii,
637,Pok√©mon Community Game,,,pokmon community game,
638,Journey to the Savage Planet,Journey To The Savage Planet,100,journey to the savage planet,journey to the savage planet
639,The Binding of Isaac: Rebirth,The Binding of Isaac: Rebirth,100,the binding of isaac rebirth,
640,Assassin's Creed: Brotherhood,,,assassin's creed brotherhood,
641,Darksiders Genesis,Darksiders Genesis,100,darksiders genesis,
642,Grand Theft Auto V,,,grand theft auto v,
643,Beholder,Beholder,100,beholder,
644,Carmageddon II: Carpocalypse Now,,,carmageddon ii carpocalypse now,
645,Sundered,,,sundered,
646,WWE 2K19,WWE 2K19,100,wwe 2k19,
647,TV Station Manager,,,tv station manager,
648,DuckTales: Remastered,DuckTales: Remastered,100,ducktales remastered,
649,Seterra,,,seterra,
650,Astral Chain,,,astral chain,
651,Travel & Outdoors,,,travel  outdoors,
652,Super Mario 64,,,super mario 64,
653,Horror Story: Hallowseed,Horror Story: Hallowseed,100,horror story hallowseed,
654,Dead Island,,,dead island,
655,Stopots,,,stopots,
656,Ravenous Devils,,,ravenous devils,
657,Casino,,,casino,
658,Prince of Persia: The Sands of Time,Prince of Persia¬Æ: The Sands of Time,100,prince of persia the sands of time,prince of persia the sands of time
659,Rogue Legacy 2,Rogue Legacy 2,100,rogue legacy 2,
660,The Centennial Case: A Shijima Story,,,the centennial case a shijima story,
661,Car Mechanic Simulator 2018,Car Mechanic Simulator 2018,100,car mechanic simulator 2018,
662,Pok√©mon Showdown,,,pokmon showdown,
663,Death by Degrees,,,death by degrees,
664,Gran Turismo 7,,,gran turismo 7,
665,Final Fantasy VII,FINAL FANTASY VII,100,final fantasy vii,final fantasy vii
666,Diablo II: Resurrected,,,diablo ii resurrected,
667,Card Game,,,card game,
668,Xenoverse: Per Aspera Ad Astra,,,xenoverse per aspera ad astra,
669,Rec Room,,,rec room,
670,Fears to Fathom: Home Alone,,,fears to fathom home alone,
671,Deathtrap Dungeon: The Golden Room,,,deathtrap dungeon the golden room,
672,The Dark Pictures Anthology: Little Hope,The Dark Pictures Anthology: Little Hope,100,the dark pictures anthology little hope,
673,Identity V,,,identity v,
674,Klonoa,,,klonoa,
675,Lonely Mountains: Downhill,Lonely Mountains: Downhill,100,lonely mountains downhill,
676,Spellbreak,Spellbreak,100,spellbreak,
677,World of Warships,,,world of warships,
678,Little Nightmares,Little Nightmares,100,little nightmares,
679,Nightmare Reaper,Nightmare Reaper,100,nightmare reaper,
680,Dragon Quest VI: Realms of Revelation,,,dragon quest vi realms of revelation,
681,Final Fantasy,FINAL FANTASY,100,final fantasy,final fantasy
682,Pok√©mon Gold,,,pokmon gold,
683,Cold House,,,cold house,
684,Metal Slug X,METAL SLUG X,100,metal slug x,metal slug x
685,Trek to Yomi,,,trek to yomi,
686,The Vanishing of Ethan Carter Redux,,,the vanishing of ethan carter redux,
687,Dark Souls III,DARK SOULS‚Ñ¢ III,100,dark souls iii,dark souls iii
688,Elden Ring,,,elden ring,
689,Dark Quest: Board Game,,,dark quest board game,
690,Scream Go Hero: Eighth Note,,,scream go hero eighth note,
691,Fate/Grand Order,,,fategrand order,
692,Final Fantasy VII Remake,,,final fantasy vii remake,
693,WWE SmackDown! vs. Raw 2006,,,wwe smackdown vs raw 2006,
694,Hard West 2,,,hard west 2,
695,Pac-Man World,,,pacman world,
696,Halo Infinite,,,halo infinite,
697,I'm on Observation Duty,,,i'm on observation duty,
698,For The King,,,for the king,
699,Kirby and the Forgotten Land,,,kirby and the forgotten land,
700,Gartic.io,,,garticio,
701,Say No! More,Say No! More,100,say no more,
702,Overwatch 2,,,overwatch 2,
703,ShellShock Live,ShellShock Live,100,shellshock live,
704,Bully: Scholarship Edition,Bully: Scholarship Edition,100,bully scholarship edition,
705,Holdfast: Nations At War,,,holdfast nations at war,
706,Friday the 13th: The Game,Friday the 13th: The Game,100,friday the 13th the game,
707,Dying Light,Dying Light,100,dying light,
708,Quordle,,,quordle,
709,A Plague Tale: Innocence,A Plague Tale: Innocence,100,a plague tale innocence,
710,Retail Royale,,,retail royale,
711,Super Mario Land 2: 6 Golden Coins,,,super mario land 2 6 golden coins,
712,Crash Bandicoot,,,crash bandicoot,
713,The World is Your Weapon,The World is Your Weapon,100,the world is your weapon,
714,The Wardrobe: Even Better Edition,,,the wardrobe even better edition,
715,Rescue Party: Live!,,,rescue party live,
716,The Vagrant,The Vagrant,100,the vagrant,
717,I'm Only Sleeping,,,i'm only sleeping,
718,Pok√©mon Unite,,,pokmon unite,
719,Knightfall: A Daring Journey,Knightfall: A Daring Journey,100,knightfall a daring journey,
720,Arma Reforger,,,arma reforger,
721,Digimon Story Cyber Sleuth,,,digimon story cyber sleuth,
722,Crab Game,Crab Game,100,crab game,
723,Super Mario World,,,super mario world,
724,Vampire: The Masquerade - Swansong,,,vampire the masquerade  swansong,
725,Dark Souls: Remastered,DARK SOULS‚Ñ¢: REMASTERED,100,dark souls remastered,dark souls remastered
726,Pok√©mon HeartGold/SoulSilver,,,pokmon heartgoldsoulsilver,
727,The Last of Us Part II,,,the last of us part ii,
728,Slender: The Arrival,Slender: The Arrival,100,slender the arrival,
729,We Were Here Too,We Were Here Too,100,we were here too,
730,Phantasmagoria,Phantasmagoria,100,phantasmagoria,
731,Euro Truck Simulator,Euro Truck Simulator,100,euro truck simulator,
732,Chrono Cross,,,chrono cross,
733,Furi,Furi,100,furi,
734,Lost Alone Ep.2: Daddy,,,lost alone ep2 daddy,
735,Prehistoric Kingdom,,,prehistoric kingdom,
736,Cookie Run: Kingdom,,,cookie run kingdom,
737,Kukoro: Stream Chat Games,Kukoro: Stream chat games,100,kukoro stream chat games,kukoro stream chat games
738,Sekiro: Shadows Die Twice,,,sekiro shadows die twice,
739,ibb & obb,ibb & obb,100,ibb  obb,
740,Achilles: Legends Untold,,,achilles legends untold,
741,Helldivers,,,helldivers,
742,On The Road,,,on the road,
743,GRIS,GRIS,100,gris,
744,Epic Chef,Epic Chef,100,epic chef,
745,Just Dance 2022,,,just dance 2022,
746,"Animals, Aquariums, and Zoos",,,animals aquariums and zoos,
747,Super Animal Royale,,,super animal royale,
748,Metal Gear Solid V: The Phantom Pain,,,metal gear solid v the phantom pain,
749,Cosplay Maker,Cosplay Maker,100,cosplay maker,
750,.hack//G.U. Vol. 1: Rebirth,,,hackgu vol 1 rebirth,
751,Final Fantasy: Brave Exvius,,,final fantasy brave exvius,
752,The Closing Shift,,,the closing shift,
753,Ultimate Epic Battle Simulator 2,,,ultimate epic battle simulator 2,
754,Five Nights at Freddy's 2,Five Nights at Freddy's 2,100,five nights at freddy's 2,
755,Onimusha: Warlords,Onimusha: Warlords,100,onimusha warlords,
756,SCUM,,,scum,
757,Virtual Casino,,,virtual casino,
758,TETRIS 99,,,tetris 99,
759,Alien: Isolation,Alien: Isolation,100,alien isolation,
760,Pok√©mon Colosseum,,,pokmon colosseum,
761,Monster Prom,Monster Prom,100,monster prom,
762,ALTF4,ALTF4,100,altf4,
763,Resident Evil CODE: Veronica,,,resident evil code veronica,
764,SnowRunner,,,snowrunner,
765,Geometry Dash,Geometry Dash,100,geometry dash,
766,Pwnk,Pwnk,100,pwnk,
767,Briscola,,,briscola,
768,Bugsnax,,,bugsnax,
769,Tekken 3,,,tekken 3,
770,Legend of Grimrock,Legend of Grimrock,100,legend of grimrock,
771,Battlefield 1,Battlefield 1 ‚Ñ¢,100,battlefield 1,battlefield 1
772,Two Hours One Life,,,two hours one life,
773,Teocida,TEOCIDA,100,teocida,teocida
774,Nintendo Switch Sports,,,nintendo switch sports,
775,Vesper,,,vesper,
776,Ben and Ed - Blood Party,Ben and Ed - Blood Party,100,ben and ed  blood party,
777,Dislyte,,,dislyte,
778,Assassin's Creed: Odyssey,Assassin's Creed¬Æ Odyssey,100,assassin's creed odyssey,assassin's creed odyssey
779,Hay Day,,,hay day,
780,Ultimate Custom Night,Ultimate Custom Night,100,ultimate custom night,
781,Enslaved: Odyssey to the West,,,enslaved odyssey to the west,
782,The Dark Occult,,,the dark occult,
783,Live Bingo,,,live bingo,
784,Patapon,,,patapon,
785,Saint Seiya: Awakening,,,saint seiya awakening,
786,Bloodstained: Ritual of the Night,Bloodstained: Ritual of the Night,100,bloodstained ritual of the night,
787,Prototype,Prototype‚Ñ¢,100,prototype,prototype
788,"Zero Escape: Nine Hours, Nine Persons, Nine Doors",,,zero escape nine hours nine persons nine doors,
789,Trials Fusion,,,trials fusion,
790,Dark Souls II,DARK SOULS‚Ñ¢ II,100,dark souls ii,dark souls ii
791,Mount & Blade II: Bannerlord,Mount & Blade II: Bannerlord,100,mount  blade ii bannerlord,
792,Captain Tsubasa: Rise of New Champions,,,captain tsubasa rise of new champions,
793,Road 96,Road 96 üõ£Ô∏è,100,road 96,road 96
794,Automobilista 2,Automobilista 2,100,automobilista 2,
795,Drawy,Drawy,100,drawy,
796,Captain Tsubasa: Dream Team,,,captain tsubasa dream team,
797,Saw,,,saw,
798,HyperParasite,HyperParasite,100,hyperparasite,
799,Clanfolk,,,clanfolk,
800,Slither.io,,,slitherio,
801,Quattro chiacchiere,,,quattro chiacchiere,
802,Celeste,Celeste,100,celeste,
803,The House of the Dead: Remake,,,the house of the dead remake,
804,Krunker,Krunker,100,krunker,
805,The King of Fighters '98 Ultimate Match Final Edition,THE KING OF FIGHTERS '98 ULTIMATE MATCH FINAL EDITION,100,the king of fighters '98 ultimate match final edition,the king of fighters '98 ultimate match final edition
806,Ori and the Blind Forest,Ori and the Blind Forest,100,ori and the blind forest,
807,Metal Gear Solid,,,metal gear solid,
808,Battlefield 2042,Battlefield‚Ñ¢ 2042,100,battlefield 2042,battlefield 2042
809,Halo: The Master Chief Collection,,,halo the master chief collection,
810,Victoria II,Victoria II,100,victoria ii,
811,Just Dance,,,just dance,
812,Warzone,WARZONE,100,warzone,warzone
813,The Evil Within 2,The Evil Within 2,100,the evil within 2,
814,Totally Accurate Battle Simulator,Totally Accurate Battle Simulator,100,totally accurate battle simulator,
815,Chrono Trigger,CHRONO TRIGGER¬Æ,100,chrono trigger,chrono trigger
816,Contraband Police,,,contraband police,
817,Plants vs. Zombies,,,plants vs zombies,
818,Peggle,,,peggle,
819,The Lucky Dime Caper starring Donald Duck,,,the lucky dime caper starring donald duck,
820,Citizen Sleeper,,,citizen sleeper,
821,Call Of Duty: Modern Warfare,,,call of duty modern warfare,
822,Sorare,,,sorare,
823,Pro Cycling Manager 2021,Pro Cycling Manager 2021,100,pro cycling manager 2021,
824,Kentucky Route Zero,,,kentucky route zero,
825,Tunic,,,tunic,
826,Return of the Obra Dinn,Return of the Obra Dinn,100,return of the obra dinn,
827,Politics,,,politics,
828,Ghost Exorcism Inc.,Ghost Exorcism INC.,100,ghost exorcism inc,ghost exorcism inc
829,Overcooked! 2,Overcooked! 2,100,overcooked 2,
830,Pok√©mon X/Y,,,pokmon xy,
831,Alice in Wonderland,,,alice in wonderland,
832,G.O.D: Mezame Yo to Yobu Koe ga Kikoe,,,god mezame yo to yobu koe ga kikoe,
833,PUBG: BATTLEGROUNDS,,,pubg battlegrounds,
834,We Were Here Forever,,,we were here forever,
835,World of Tanks,,,world of tanks,
836,Lady in a Leotard With a Gun,,,lady in a leotard with a gun,
837,Gears of War 4,,,gears of war 4,
838,The Legend of Zelda: Twilight Princess HD,,,the legend of zelda twilight princess hd,
839,Super Smash Bros. Melee,,,super smash bros melee,
840,The Dark Pictures Anthology: House of Ashes,,,the dark pictures anthology house of ashes,
841,The Secret of Monkey Island: Special Edition,The Secret of Monkey Island: Special Edition,100,the secret of monkey island special edition,
842,The Warriors,,,the warriors,
843,Tom Clancy's The Division,,,tom clancy's the division,
844,Detroit: Become Human,Detroit: Become Human,100,detroit become human,
845,New World,,,new world,
846,The Witcher 3: Wild Hunt,The Witcher¬Æ 3: Wild Hunt,100,the witcher 3 wild hunt,the witcher 3 wild hunt
847,JANITOR BLEEDS,JANITOR BLEEDS,100,janitor bleeds,
848,The Town of Light,The Town of Light,100,the town of light,
849,Sid Meier's Civilization VI,,,sid meier's civilization vi,
850,Super Robot Wars 30,Super Robot Wars 30,100,super robot wars 30,
851,Super Smash Bros. Ultimate,,,super smash bros ultimate,
852,Labyrinthine,,,labyrinthine,
853,Metal Gear Acid 2,,,metal gear acid 2,
854,Quiz Show,,,quiz show,
855,Them and Us,,,them and us,
856,Jurassic Park,,,jurassic park,
857,Half-Life: Alyx,Half-Life: Alyx,100,halflife alyx,
858,Syberia: The World Before,,,syberia the world before,
859,Stream Arenas,,,stream arenas,
860,Train Sim World 2,,,train sim world 2,
861,Friday the 13th: Killer Puzzle,Friday the 13th: Killer Puzzle,100,friday the 13th killer puzzle,
862,Dark Messiah of Might and Magic,,,dark messiah of might and magic,
863,Dorfromantik,,,dorfromantik,
864,Who Wants to Be a Millionaire,Who Wants To Be A Millionaire,100,who wants to be a millionaire,who wants to be a millionaire
865,Ib,,,ib,
866,Board Games,,,board games,
867,Crime Patrol,,,crime patrol,
868,Fallout 76,,,fallout 76,
869,Backpack Hero,,,backpack hero,
870,Wreckfest,Wreckfest,100,wreckfest,
871,Kind Words,,,kind words,
872,Star Wars Battlefront II,STAR WARS‚Ñ¢ Battlefront‚Ñ¢ II,100,star wars battlefront ii,star wars battlefront ii
873,LEGO Star Wars: The Skywalker Saga,,,lego star wars the skywalker saga,
874,Pok√©mon Sword/Shield,,,pokmon swordshield,
875,Twister,,,twister,
876,Tomb Raider III: Adventures of Lara Croft,,,tomb raider iii adventures of lara croft,
877,Zero Escape: Virtue's Last Reward,,,zero escape virtue's last reward,
878,Pinturillo 2,,,pinturillo 2,
879,Poker,,,poker,
880,Plague Inc: Evolved,Plague Inc: Evolved,100,plague inc evolved,
881,MotoGP 22,,,motogp 22,
882,Pok√©mon Legends: Arceus,,,pokmon legends arceus,
883,Sifu,,,sifu,
884,GhostWire: Tokyo,,,ghostwire tokyo,
885,Until Dawn,,,until dawn,
886,Assassin's Creed Valhalla,,,assassin's creed valhalla,
887,Dragon Ball FighterZ,DRAGON BALL FighterZ,100,dragon ball fighterz,dragon ball fighterz
888,The Crew 2,,,the crew 2,
889,Train Simulator 2022,,,train simulator 2022,
890,Dinosaur Fossil Hunter,,,dinosaur fossil hunter,
891,The House of Da Vinci 2,The House of Da Vinci 2,100,the house of da vinci 2,
892,WarioWare: Get It Together!,,,warioware get it together,
893,Total War: Rome II,,,total war rome ii,
894,7 Days to Die,7 Days to Die,100,7 days to die,
895,Teenage Mutant Ninja Turtles,,,teenage mutant ninja turtles,
896,MediEvil,,,medievil,
897,Food & Drink,,,food  drink,
898,Gang Beasts,,,gang beasts,
899,Monster Hunter Rise,,,monster hunter rise,
900,Tender,,,tender,
901,Keep Talking and Nobody Explodes,Keep Talking and Nobody Explodes,100,keep talking and nobody explodes,
902,Wildcat Gun Machine,,,wildcat gun machine,
903,Borderlands 2,,,borderlands 2,
904,Grand Theft Auto III,,,grand theft auto iii,
905,Spike Volleyball,Spike Volleyball,100,spike volleyball,
906,Pok√©mon XD: Gale of Darkness,,,pokmon xd gale of darkness,
907,Portal 2,Portal 2,100,portal 2,
908,Slashers,,,slashers,
909,Trackmania,,,trackmania,
910,Animal Crossing: New Horizons,,,animal crossing new horizons,
911,Perseverance: Part 1,Perseverance: Part 1,100,perseverance part 1,
912,Metroid: Other M,,,metroid other m,
913,The Stanley Parable,The Stanley Parable,100,the stanley parable,
914,Dead or Alive 6,DEAD OR ALIVE 6,100,dead or alive 6,dead or alive 6
915,Eternal Edge +,Eternal Edge +,100,eternal edge,
916,Resident Evil 7 biohazard,,,resident evil 7 biohazard,
917,The Last of Us Remastered,,,the last of us remastered,
918,Amnesia: The Dark Descent,Amnesia: The Dark Descent,100,amnesia the dark descent,
919,Darkest Dungeon,Darkest Dungeon¬Æ,100,darkest dungeon,darkest dungeon
920,Pull Stay,,,pull stay,
921,Call of Duty 4: Modern Warfare,Call of Duty¬Æ 4: Modern Warfare¬Æ,100,call of duty 4 modern warfare,call of duty 4 modern warfare
922,Super Mario RPG: Legend of the Seven Stars,,,super mario rpg legend of the seven stars,
923,DOOM Eternal,DOOM Eternal,100,doom eternal,
924,The Elder Scrolls V: Skyrim,The Elder Scrolls V: Skyrim,100,the elder scrolls v skyrim,
925,Ratchet & Clank,,,ratchet  clank,
926,Follia ‚Äì Dear Father,Follia - Dear father,100,follia  dear father,follia  dear father
927,Neon Abyss,Neon Abyss,100,neon abyss,
928,Xenoblade Chronicles 2,,,xenoblade chronicles 2,
929,Science & Technology,,,science  technology,
930,Vampire Survivors,Vampire Survivors,100,vampire survivors,
931,Jackbox Party Packs,,,jackbox party packs,
932,Slime: Isekai Memories,,,slime isekai memories,
933,In Sound Mind,,,in sound mind,
934,Governor of Poker 3,Governor of Poker 3,100,governor of poker 3,
935,Silent Hill,,,silent hill,
936,Metin2,Metin2,100,metin2,
937,Guilty Gear: Strive,,,guilty gear strive,
938,Garena Free Fire,,,garena free fire,
939,Trials Rising,Trials¬Æ Rising,100,trials rising,trials rising
940,Rocket League,,,rocket league,
941,RimWorld,RimWorld,100,rimworld,
942,Super Bunny Man,Super Bunny Man,100,super bunny man,
943,Haunt Chaser,Haunt Chaser,100,haunt chaser,
944,Darts,,,darts,
945,Judgment,,,judgment,
946,Splatoon,,,splatoon,
947,In Silence,In Silence,100,in silence,
948,Harry Potter and the Half-Blood Prince,,,harry potter and the halfblood prince,
949,Need for Speed: Underground 2,,,need for speed underground 2,
950,The Legend of Zelda: Link's Awakening,,,the legend of zelda link's awakening,
951,Cat Quest,Cat Quest,100,cat quest,
952,Mario Party Superstars,,,mario party superstars,
953,The Lord of the Rings: The Battle for Middle-earth II,,,the lord of the rings the battle for middleearth ii,
954,Martha Is Dead,,,martha is dead,
955,MY HERO ONE'S JUSTICE 2,MY HERO ONE'S JUSTICE 2,100,my hero one's justice 2,
956,Stronghold Crusader II,,,stronghold crusader ii,
957,Stream Games,Stream Games,100,stream games,
958,Speedrun,Speedrun,100,speedrun,
959,The Dark Pictures Anthology: Man of Medan,,,the dark pictures anthology man of medan,
960,BATTLESHIP,,,battleship,
961,theHunter: Call of the Wild,,,thehunter call of the wild,
962,Call of Duty: Modern Warfare 3,Call of Duty¬Æ: Modern Warfare¬Æ 3,100,call of duty modern warfare 3,call of duty modern warfare 3
963,Clubhouse Games: 51 Worldwide Classics,,,clubhouse games 51 worldwide classics,
964,Garry's Mod,Garry's Mod,100,garry's mod,
965,Bully,,,bully,
966,Subnautica,,,subnautica,
967,Bonbon,Bonbon,100,bonbon,
968,Resident Evil: Revelations 2,Resident Evil Revelations 2,100,resident evil revelations 2,resident evil revelations 2
969,osu!,,,osu,
970,Pok√©mon Ultra Sun,,,pokmon ultra sun,
971,Fall Guys: Ultimate Knockout,,,fall guys ultimate knockout,
972,Windbound,Windbound,100,windbound,
973,Amnesia: A Machine for Pigs,Amnesia: A Machine for Pigs,100,amnesia a machine for pigs,
974,while True: learn(),while True: learn(),100,while true learn,
975,Roblox,,,roblox,
976,Rocket League Sideswipe,,,rocket league sideswipe,
977,Yakuza 5 Remastered,Yakuza 5 Remastered,100,yakuza 5 remastered,
978,Phasmophobia,,,phasmophobia,
979,Tomb Raider Level Editor,,,tomb raider level editor,
980,Little Nightmares II,Little Nightmares II,100,little nightmares ii,
981,BlazBlue: Cross Tag Battle,BlazBlue: Cross Tag Battle,100,blazblue cross tag battle,
982,Dying Light 2: Stay Human,,,dying light 2 stay human,
983,Big Brain Academy: Brain vs. Brain,,,big brain academy brain vs brain,
984,FRIDAY NIGHT FUNKIN',,,friday night funkin',
985,Guns Up! Mobile,,,guns up mobile,
986,Alone in the Dark 3,,,alone in the dark 3,
987,Control,,,control,
988,Stranger of Paradise: Final Fantasy Origin,,,stranger of paradise final fantasy origin,
989,"Pok√©mon: Let's Go, Pikachu!",,,pokmon let's go pikachu,
990,Riverbond,,,riverbond,
991,Tales of Arise,,,tales of arise,
992,Super Pang,,,super pang,
993,It Steals,It Steals,100,it steals,
994,ElecHead,ElecHead,100,elechead,
995,Tangle Tower,Tangle Tower,100,tangle tower,
996,Monopoly Plus,MONOPOLY¬Æ PLUS,100,monopoly plus,monopoly plus
997,Dealer's Life 2,Dealer's Life 2,100,dealer's life 2,
998,BombParty,,,bombparty,
999,Deponia Doomsday,Deponia Doomsday,100,deponia doomsday,
1000,PUBG Mobile,,,pubg mobile,
1001,Naruto Shippuden: Ultimate Ninja Storm 2,NARUTO SHIPPUDEN: Ultimate Ninja STORM 2,100,naruto shippuden ultimate ninja storm 2,naruto shippuden ultimate ninja storm 2
1002,Spongebob Squarepants: Battle For Bikini Bottom,,,spongebob squarepants battle for bikini bottom,
1003,Final Fantasy: Crystal Chronicles,,,final fantasy crystal chronicles,
1004,Fortnite,,,fortnite,
1005,DiRT Rally 2.0,DiRT Rally 2.0,100,dirt rally 20,
1006,Winkeltje: The Little Shop,,,winkeltje the little shop,
1007,Little Witch in the Woods,,,little witch in the woods,
1008,Cry of Fear,Cry of Fear,100,cry of fear,
1009,Outlast,Outlast,100,outlast,
1010,Never Alone,,,never alone,
1011,Resident Evil 0,Resident Evil 0,100,resident evil 0,
1012,ANNO: Mutationem,,,anno mutationem,
1013,Life is Strange,,,life is strange,
1014,Europa Universalis IV,Europa Universalis IV,100,europa universalis iv,
1015,Retro,Retro,100,retro,
1016,We Happy Few,We Happy Few,100,we happy few,
1017,Resident Evil Outbreak,,,resident evil outbreak,
1018,Lost Alone EP.1: Little Sister,,,lost alone ep1 little sister,
1019,GameRoom,,,gameroom,
1020,God of War,God of War,100,god of war,
1021,PowerWash Simulator,,,powerwash simulator,
1022,Mario Tennis Aces,,,mario tennis aces,
1023,Prominence Poker,,,prominence poker,
1024,Wii Fit U,,,wii fit u,
1025,Diablo III,,,diablo iii,
1026,Alien vs Predator,,,alien vs predator,
1027,Higurashi: When They Cry,,,higurashi when they cry,
1028,Baba is You,Baba Is You,100,baba is you,baba is you
1029,Horizon Forbidden West,,,horizon forbidden west,
1030,Red Dead Redemption,,,red dead redemption,
1031,Legends of Runeterra,,,legends of runeterra,
1032,Splitgate,,,splitgate,
1033,Days Gone,Days Gone,100,days gone,
1034,Teardown,,,teardown,
1035,Overlord: Escape from Nazarick,,,overlord escape from nazarick,
1036,Deponia,Deponia,100,deponia,
1037,Talk To Me,,,talk to me,
1038,Octopath Traveler,,,octopath traveler,
1039,Songs of Conquest,,,songs of conquest,
1040,Black Desert,,,black desert,
1041,The Great Ace Attorney Chronicles,The Great Ace Attorney Chronicles,100,the great ace attorney chronicles,
1042,The Binding of Isaac,The Binding of Isaac,100,the binding of isaac,
1043,A Memoir Blue,A Memoir Blue,100,a memoir blue,
1044,OMORI,OMORI,100,omori,
1045,Century: Age of Ashes,,,century age of ashes,
1046,Gears 5,Gears 5,100,gears 5,
1047,Pok√©mon Crystal,,,pokmon crystal,
1048,Hell Let Loose,,,hell let loose,
1049,Lost Odyssey,,,lost odyssey,
1050,Apex Legends,,,apex legends,
1051,Triangle Strategy,,,triangle strategy,
1052,Pok√©mon GO,,,pokmon go,
1053,Portal,Portal,100,portal,
1054,Pok√©mon Mystery Dungeon: Rescue Team DX,,,pokmon mystery dungeon rescue team dx,
1055,Persona 5 Strikers,Persona¬Æ 5 Strikers,100,persona 5 strikers,persona 5 strikers
1056,WWE SmackDown vs. Raw 2007,,,wwe smackdown vs raw 2007,
1057,We Were Here Together,We Were Here Together,100,we were here together,
1058,Emily Wants To Play,Emily Wants To Play,100,emily wants to play,
1059,BUS SIMULATOR,BUS SIMULATOR,100,bus simulator,
1060,Grim Fandango Remastered,Grim Fandango Remastered,100,grim fandango remastered,
1061,The Sims 4,The Sims‚Ñ¢ 4,100,the sims 4,the sims 4
1062,Whispering Willows,Whispering Willows,100,whispering willows,
1063,Hunt: Showdown,,,hunt showdown,
1064,Mario Kart 64,,,mario kart 64,
1065,Cities: Skylines,Cities: Skylines,100,cities skylines,
1066,Omen Exitio: Plague,Omen Exitio: Plague,100,omen exitio plague,
1067,The Binding of Isaac: Repentance,,,the binding of isaac repentance,
1068,Yu-Gi-Oh! Duel Links,,,yugioh duel links,
1069,Pok√©mon Black/White,,,pokmon blackwhite,
1070,The Pigeon P,,,the pigeon p,
1071,Kingdom Hearts III,,,kingdom hearts iii,
1072,Limbo,LIMBO,100,limbo,limbo
1073,Harry Potter and the Order of the Phoenix,,,harry potter and the order of the phoenix,
1074,The Plan,The Plan,100,the plan,
1075,Nightmare of Decay,,,nightmare of decay,
1076,Deceit,,,deceit,
1077,Unpacking,,,unpacking,
1078,Genshin Impact,,,genshin impact,
1079,Friday the 13th: The Computer Game,,,friday the 13th the computer game,
1080,Path of Exile,,,path of exile,
1081,Pok√©mon Platinum,,,pokmon platinum,
1082,Heave Ho,Heave Ho,100,heave ho,
1083,Art,,,art,
1084,Castlevania: Rondo of Blood,,,castlevania rondo of blood,
1085,Grand Theft Auto IV,,,grand theft auto iv,
1086,Tekken 2,,,tekken 2,
1087,Persona 5,,,persona 5,
1088,Call of Duty: Black Ops,Call of Duty¬Æ: Black Ops,100,call of duty black ops,call of duty black ops
1089,Demeo,Demeo,100,demeo,
1090,Final Fantasy IX,FINAL FANTASY IX,100,final fantasy ix,final fantasy ix
1091,Reaction,,,reaction,
1092,Outwars,Outwars,100,outwars,
1093,The Seven Deadly Sins: Grand Cross,,,the seven deadly sins grand cross,
1094,NieR: Automata,,,nier automata,
1095,White Day: A Labyrinth Named School,White Day: A Labyrinth Named School,100,white day a labyrinth named school,
1096,Stream Racer,Stream Racer,100,stream racer,
1097,House Flipper,,,house flipper,
1098,Quiplash,Quiplash,100,quiplash,
1099,F1 Manager 2022,,,f1 manager 2022,
1100,The World's Hardest Game,,,the world's hardest game,
1101,Make It Meme,,,make it meme,
1102,Spelunky 2,Spelunky 2,100,spelunky 2,
1103,Hydroneer,Hydroneer,100,hydroneer,
1104,Live for Speed,,,live for speed,
1105,Conan Exiles,,,conan exiles,
1106,Left 4 Dead 2,Left 4 Dead 2,100,left 4 dead 2,
1107,Warhammer,,,warhammer,
1108,Max Payne,Max Payne,100,max payne,
1109,VALORANT,,,valorant,
1110,FIFA 22,FIFA 22,100,fifa 22,
1111,Among the Sleep,,,among the sleep,
1112,Super Mario Bros.,,,super mario bros,
1113,Need for Speed Heat,Need for Speed‚Ñ¢ Heat,100,need for speed heat,need for speed heat
1114,Prezzemolo in una Giornata da Incubo,,,prezzemolo in una giornata da incubo,
1115,ev.io,,,evio,
1116,Super Mario Maker 2,,,super mario maker 2,
1117,TETR.IO,,,tetrio,
1118,Oddworld: Abe's Oddysee,Oddworld: Abe's Oddysee¬Æ,100,oddworld abe's oddysee,oddworld abe's oddysee
1119,Unravel,Unravel,100,unravel,
1120,Bad End Theater,BAD END THEATER,100,bad end theater,bad end theater
1121,Assassin's Creed II,,,assassin's creed ii,
1122,Game Dev Story,,,game dev story,
1123,Super Mecha Champions,,,super mecha champions,
1124,The Cleaner,,,the cleaner,
1125,Eternal Return,Eternal Return,100,eternal return,
1126,What Remains of Edith Finch,What Remains of Edith Finch,100,what remains of edith finch,
1127,Dead Space,Dead Space,100,dead space,
1128,Supraland,Supraland,100,supraland,
1129,The King of Fighters XV,,,the king of fighters xv,
1130,ObsCure II,,,obscure ii,
1131,Magic: The Gathering,,,magic the gathering,
1132,Pok√©mon Trading Card Game,,,pokmon trading card game,
1133,Mighty Goose,,,mighty goose,
1134,Farming Simulator 22,,,farming simulator 22,
1135,Ghost Master,Ghost Master¬Æ,100,ghost master,ghost master
1136,Persona 4 Arena Ultimax,Persona 4 Arena Ultimax,100,persona 4 arena ultimax,
1137,Indivisible,Indivisible,100,indivisible,
1138,The Wolf Among Us,The Wolf Among Us,100,the wolf among us,
1139,Rise of Nations: Extended Edition,Rise of Nations: Extended Edition,100,rise of nations extended edition,
1140,Paper Mario: The Origami King,,,paper mario the origami king,
1141,The Inheritance of Crimson Manor,,,the inheritance of crimson manor,
1142,Occult,,,occult,
1143,Sign of Silence,Sign of Silence,100,sign of silence,
